Full_Name,Country,Wins,Loses,Decision,Wins_By_KO,Loses_By_KO,Wins_By_Submission,Loses_By_Submission
Sa Guybson,,0,1,0,0,0,0,0
Sa Bessa Lucas Danilo,,0,1,0,0,0,0,0
Sa Jin Kwok Michael,USA,1,0,0,0,0,1,0
Saada Feras,USA,0,1,0,0,1,0,0
Saadeh Rany,GER,,,,4,0,1,2
Saadulaev Magomed,RUS,1,1,0,0,0,0,1
Saadulaev Yusup,RUS,,,,2,4,,
Saarinen Juha,RUS,2,3,0,0,3,1,0
Saaveda Alejandro,RUS,0,1,0,0,1,0,0
Saavedra Shane,RUS,0,1,0,0,1,0,0
Sabaitis Gabriel,RUS,,,,,,,
Sabala Pete,RUS,0,3,0,0,0,0,2
Sabanal Angelie,RUS,0,1,0,0,0,0,1
Sabara Alexandre,BRA,0,1,0,0,1,0,0
Sabatello Danny,USA,,,,3,1,4,0
Sabatini Pat,USA,,,,2,1,,
Saber Aya Saeid,USA,0,5,0,0,3,0,2
Saber Rebin,USA,,,,,,,
Sabino Valdir Silva,USA,0,2,0,0,0,0,1
Sablan Giovanni,MNP,0,3,0,0,0,0,3
Sabo Gabriel,SUI,0,2,0,0,2,0,0
Sabori Pablo,MEX,1,2,0,0,0,0,1
Sabu Jorge,MEX,0,1,0,0,1,0,0
Sabyrzhan Uulu Samarbek,MEX,0,1,0,0,0,0,1
Saccaro Marco,ITA,0,2,0,0,0,0,1
Saccomanno Xavier,USA,0,2,0,0,0,0,2
Sadan Everaldo,BRA,0,1,0,0,0,0,1
Sadauskas Vytautas,LTU,0,3,0,0,0,0,1
Sadecki Krzysztof,LTU,0,1,0,0,0,0,0
Sadeghi Navied,LTU,0,1,0,0,0,0,1
Sadier Tuerdiaji,CHN,0,1,0,0,0,0,1
Sadiki Bilaf,CHN,0,1,0,0,1,0,0
Sadikovic Asmir,CHN,0,1,0,0,0,0,1
Sadollah Amir,USA,6,5,0,1,1,1,0
Sadulajev Turpal-Ali,AUT,0,1,0,0,1,0,0
Sadulloev Salimkhan,AUT,0,1,0,0,1,0,0
Sadura Katarzyna,POL,5,4,0,3,2,1,2
Saeed Afnan,ENG,0,3,0,0,2,0,0
Saeed Mario,ENG,0,3,0,0,3,0,0
Saegusa Yoshihiro,ENG,0,0,0,0,0,0,0
Saeki Yuji,ENG,0,1,0,0,1,0,0
Saenz Celeste,ENG,0,1,0,0,1,0,0
Saenz Flor,ENG,0,1,0,0,1,0,0
Saenz Frankie,USA,,,,3,4,2,0
Saenz Greg,USA,0,1,0,0,0,0,0
Saenz Jarod,USA,0,3,0,0,0,0,3
Saenz Sammy,USA,0,1,0,0,1,0,0
Saenz Flores Sarai,USA,0,1,0,0,0,0,0
Safarov Niyaz,AZE,0,1,0,0,0,0,1
Safarov Saparbeg,RUS,9,3,0,6,1,2,2
Saffiedine Tarec,BEL,,,,1,1,5,0
Safi Amir,BEL,0,1,0,0,1,0,0
Safiari Armin,BEL,0,0,0,0,0,0,0
Safronov Anatoly,UKR,0,9,0,0,2,0,6
Sagadeev Ilgiz,UKR,0,1,0,0,0,0,0
Sagas Otavio,UKR,0,1,0,0,0,0,1
Sagate Rogerio,UKR,0,2,0,0,0,0,2
Sagen Gard Olve,NOR,0,2,0,0,2,0,0
Saggo Jason,CAN,,,,3,1,8,0
Saghliani Aleko,GEO,0,1,0,0,1,0,0
Sagidgusenov Achmed,GEO,0,1,0,0,0,0,1
Sagman Gabe,GEO,0,1,0,0,1,0,0
Sagmeister Manuel,GEO,0,1,0,0,0,0,1
Sahinbas Can,GEO,1,1,0,1,1,0,0
Sahnoune Mohamed,FRA,0,1,0,0,1,0,0
Saidaliev Kazbek,FRA,2,1,0,1,1,0,0
Saidi Issa,FRA,0,1,0,0,0,0,1
Saidjamolov Jahongir,FRA,0,1,0,0,1,0,0
Saidov Aslambek,POL,,,,5,2,5,2
Saidov Nazim,POL,0,1,0,0,0,0,1
Saif Ali,POL,0,1,0,0,1,0,0
Saiga Kizaemon,JPN,0,3,0,0,1,0,1
Sailik Makshati,JPN,0,1,0,0,0,0,1
Sailike Makeshate,CHN,0,2,0,0,1,0,1
Sailikebieke Yasen,CHN,0,1,0,0,1,0,0
Sainci Mark,USA,0,1,0,0,0,0,1
Saint Denis Benoit,FRA,8,1,0,1,0,7,0
Saint Louis J.P.,USA,1,3,0,0,2,1,0
Saint Preux Ovince,HAI,,,,,,7,3
Saintil Junaure,HAI,0,1,0,0,1,0,0
Saioka Asako,HAI,0,3,0,0,0,0,2
Saito Anna,JPN,0,4,0,0,0,0,3
Saito Atsushi,JPN,0,1,0,0,0,0,1
Saito Ayumi,JPN,1,3,0,0,0,0,1
Saito Masaomi,JPN,0,1,0,0,0,0,0
Saito Seri,JPN,0,2,0,0,0,0,1
Saito Steven,JPN,0,1,0,0,1,0,0
Saito Toshiyuki,JPN,0,1,0,0,1,0,0
Saito Yo,JPN,0,3,0,0,0,0,0
Saito Yoji,JPN,0,1,0,0,1,0,0
Saito Yuko,JPN,0,1,0,0,0,0,0
Saito Yutaka,JPN,1,2,0,0,0,0,0
Sajbor Grzegorz,POL,0,1,0,0,0,0,1
Sajewski Lukasz,POL,,,,2,2,7,1
Saka Yukio,POL,0,0,0,0,0,0,0
Sakaev Georgy,RUS,0,2,0,0,2,0,0
Sakaguchi Yukio,RUS,0,3,0,0,2,0,1
Sakahara Yasuhiro,JPN,0,1,0,0,1,0,0
Sakai Augusto,BRA,,,,,,0,0
Sakai Keisuke,BRA,0,1,0,0,0,0,1
Sakai Kosuke,JPN,0,1,0,0,0,0,1
Sakai Ryo,JPN,0,3,0,0,1,0,0
Sakai Sumie,JPN,0,3,0,0,1,0,1
Sakalov Khamzat,RUS,1,0,0,0,0,0,0
Sakamoto Anderson,BRA,0,1,0,0,1,0,0
Sakamoto Yohei,BRA,1,0,1,0,0,0,0
Sakano Shuhei,JPN,0,1,0,0,0,0,0
Sakara Alessio,ITA,,,,,,2,3
Sakashita Yusuke,ITA,0,3,0,0,2,0,0
Sakaszwili Sulkhan,POL,0,1,0,0,0,0,1
Sakata Wataru,POL,1,3,0,0,0,1,2
Sakda Dankao,POL,0,1,0,0,1,0,0
Sakhomsin Bernueng,POL,0,1,0,0,0,0,1
Saki Gokhan,TUR,1,2,0,1,2,0,0
Sakimura Akito,TUR,0,1,0,0,0,0,1
Sakiyama Isao,TUR,0,2,0,0,0,0,0
Sakocius Arnas,LTU,1,0,0,0,0,1,0
Sakuma Hiroaki,LTU,0,2,0,0,1,0,1
Sakuma Kenta,LTU,1,0,0,0,0,0,0
Sakuma Ryota,JPN,0,1,0,0,0,0,1
Sakuraba Kazushi,JPN,,,,3,1,,
Sakuragi Keizo,JPN,0,1,0,0,0,0,1
Sakuragi Yuji,JPN,0,6,0,0,3,0,1
Sakurai Hayato,JPN,,,,8,3,2,3
Sakurai Ryuta,JPN,,,,0,5,0,3
Sakuta Keiji,JPN,0,2,0,0,0,0,1
Salama Mahmoud,EGY,0,2,0,0,1,0,1
Salamagnou Ryan,FRA,0,1,0,0,1,0,0
Salamov Adam,RUS,0,1,0,0,1,0,0
Salantri Nick,RUS,0,2,0,0,0,0,2
Salas Andrew,RUS,0,2,0,0,0,0,1
Salas Daniel,MEX,,,,5,3,8,0
Salas John,MEX,0,1,0,0,1,0,0
Salas Joseph,MEX,0,3,0,0,3,0,0
Salas Justin,USA,,,,4,4,3,3
Salas Nelson,USA,3,5,0,2,1,1,0
Salas Rocky,USA,0,1,0,0,0,0,1
Salas Sam,USA,0,1,0,0,1,0,0
Salaverry Ivan,CAN,,,,5,4,5,1
Salazar Alonso,CAN,0,1,0,0,0,0,1
Salazar Andy,CAN,0,2,0,0,0,0,2
Salazar David,CAN,0,1,0,0,1,0,0
Salazar Dennis,CAN,1,2,0,0,1,0,0
Salazar Holli,USA,1,1,1,1,0,0,1
Salazar Justin,USA,0,2,0,0,1,0,1
Salazar Laura,USA,3,1,0,3,1,0,0
Salazar Ludwing,USA,0,2,0,0,0,0,2
Salazar Marcello,USA,0,0,1,0,0,0,0
Salazar Mathias,USA,0,1,0,0,1,0,0
Salazar Maurice,USA,0,1,0,0,1,0,0
Salazar Mike,USA,0,1,0,0,1,0,0
Salazar Roman,USA,,,,5,2,3,3
Salazar Ruben,USA,0,1,0,0,0,0,0
Salchov Nicolai,USA,0,0,0,0,0,0,0
Salchow Nick,USA,0,1,0,0,0,0,0
Salcido Sergio,USA,0,1,0,0,0,0,1
Saldana David,USA,0,1,0,0,0,0,1
Saldana Eddie,USA,0,1,0,0,1,0,0
Saldana Hector,USA,2,4,0,2,1,0,1
Saldana Luis,USA,,,,7,1,7,2
Saldes Rafaels,LAT,0,1,0,0,0,0,1
Saldivar Fabian,LAT,1,0,0,0,0,1,0
Saleh Abdullah,ENG,0,1,0,0,1,0,0
Salem Mohamed,ENG,0,1,0,0,1,0,0
Sales Duda,ENG,0,1,0,0,0,0,1
Sales Fabiano,ENG,0,1,0,0,0,0,1
Sales Gilmar,BRA,0,1,0,0,1,0,0
Sales Iara,BRA,0,1,0,0,1,0,0
Sales Junior,BRA,0,1,0,0,0,0,1
Sales de Melo Euclides Zacarias,BRA,0,3,0,0,0,0,2
Saleta Przemyslaw,BRA,1,0,0,0,0,1,0
Salgado John,BRA,1,2,0,0,1,1,1
Salgado Jose,BRA,1,1,0,0,0,1,1
Salgado Luis,BRA,1,1,0,1,0,0,0
Salgado Wady,BRA,0,1,0,0,1,0,0
Saliba Zein,AUS,4,0,0,0,0,2,0
Saliev Djamid,AUS,0,1,0,0,1,0,0
Salihov Islam,RUS,0,1,0,0,0,0,0
Salikhov Muslim,RUS,,,,,,2,2
Salim Hamza,USA,1,3,0,0,0,0,1
Salimkhanov Salman,USA,0,1,0,0,0,0,0
Salimov Zafar,UZB,0,1,0,0,0,0,1
Salimova Suad,UZB,0,1,0,0,0,0,0
Salinas Chris,UZB,0,0,0,0,0,0,0
Salinas Danny,USA,0,3,0,0,1,0,2
Salinas Justin,USA,0,2,0,0,0,0,1
Salinas-Jones Gabriel,USA,1,4,0,0,0,1,1
Saling Brandon,USA,0,3,0,0,1,0,0
Salisbury Joshua,USA,0,1,0,0,0,0,1
Sallee Sean,USA,0,5,0,0,1,0,3
Salles Alvaro,USA,0,1,0,0,0,0,1
Sallie Christopher,USA,0,1,0,0,1,0,0
Sally Francesca,USA,,,,,,,
Salmanov Djalili,USA,0,1,0,0,0,0,1
Salmi Jani,FIN,0,2,0,0,0,0,0
Salmimies Suvi,FIN,2,4,0,0,0,0,0
Salminen Janne,FIN,0,1,0,0,1,0,0
Salmon Boston,USA,6,3,0,4,2,0,0
Salmon Maurice,USA,1,1,0,1,1,0,0
Salmon Sean,USA,,,,0,5,0,5
Salomao Mauro,USA,0,1,0,0,0,0,0
Salomao Rafael,MEX,0,2,0,0,2,0,0
Salone Kelli,MEX,0,1,0,0,0,0,1
Salovaara Joni,FIN,1,3,0,0,0,1,1
Salter Corey,USA,0,3,0,0,1,0,2
Salter John,USA,,,,7,2,,
Salva Enrico,USA,0,1,0,0,1,0,0
Salvador Dylan,FRA,3,1,0,0,0,3,0
Salvador Vinicius,BRA,,,,,,1,1
Salvaino Silva Jiovane,BRA,0,1,0,0,0,0,1
Salvatore Massimo,ITA,0,1,0,0,1,0,0
Salyer Jacob,ITA,0,1,0,0,1,0,0
Salzgeber Peter,ITA,0,1,0,0,0,0,1
Samad Roberta,BRA,5,2,0,3,0,1,0
Samadov Rasul,BRA,0,1,0,0,1,0,0
Samadov Said,BRA,0,1,0,0,0,0,0
Samaniego Julian,USA,0,3,0,0,1,0,2
Samaro Angela,USA,0,2,0,0,0,0,2
Samart Chan,USA,0,1,0,0,0,0,0
Samayoa Ivest,MEX,0,1,0,0,1,0,0
Samb Omar,MEX,0,1,0,0,1,0,0
Sametaev Aibek,KAZ,0,1,0,0,0,0,1
Samiev Babyrbek,KAZ,0,2,0,0,0,0,2
Samir Mona,KAZ,0,3,0,0,1,0,2
Samman Josh,USA,,,,7,1,4,2
Sammarco Massimiliano,ITA,0,1,0,0,1,0,0
Sammons Caitlin,USA,3,1,0,1,1,1,0
Samoilov Dmitry,RUS,,,,5,3,6,2
Samol Brandon,RUS,0,1,0,0,0,0,1
Samolyuk Sergey,RUS,0,1,0,0,0,0,0
Samos Rizzi,RUS,0,1,0,0,0,0,1
Samoylov Maxim,UKR,0,1,0,0,0,0,0
Sampaio Dingo,BRA,0,1,0,0,0,0,0
Sampaio Gustavo,BRA,0,1,0,0,0,0,0
Sampaio Johnny,BRA,0,1,0,0,1,0,0
Sampaio Marcos Vinicius,BRA,0,1,0,0,0,0,1
Sampaio Sandro,BRA,0,1,0,0,1,0,0
Sampaio Thiago,BRA,0,2,0,0,0,0,2
Sampo Josh,USA,,,,0,1,6,1
Sampson Jason,USA,,,,4,0,7,0
Samsa Vaclav,CZE,1,0,0,0,0,0,0
Samson Jerry,CZE,0,1,0,0,0,0,1
Samsudin Hisyam,CZE,0,1,0,0,0,0,1
Samuels Corey,USA,3,2,0,1,1,1,1
Samuels James,USA,0,1,0,0,1,0,0
Samuels Will,USA,0,1,0,0,0,0,1
Samukawa Naoki,USA,0,1,0,0,1,0,0
Samurai Frederick,USA,0,1,0,0,0,0,0
Samurai Reinaldo,USA,0,1,0,0,1,0,0
Samuray Tiago,BRA,0,1,0,0,0,0,1
San Philly,BRA,1,0,0,1,0,0,0
San Antonio Peter,USA,0,1,0,0,0,0,0
San Diego Josh,USA,8,4,0,1,0,3,2
San Jose Chris,USA,0,1,0,0,1,0,0
San Miguel Derrick,USA,0,2,0,0,0,0,2
Sanches Alvaro,USA,0,1,0,0,1,0,0
Sanchez Adolfo,USA,0,1,0,0,1,0,0
Sanchez Alberto,MEX,0,1,1,0,0,0,0
Sanchez Alejandro,MEX,0,1,0,0,0,0,1
Sanchez Andrew,USA,,,,7,5,2,0
Sanchez Angelo,USA,2,3,0,0,1,0,0
Sanchez Antonio,USA,1,0,0,0,0,0,0
Sanchez Armando,USA,0,2,0,0,1,0,0
Sanchez Ashley,USA,0,1,0,0,0,0,0
Sanchez Azahara,USA,0,1,0,0,0,0,1
Sanchez Bobby,USA,0,8,0,0,2,0,6
Sanchez Bobby,USA,0,0,0,0,0,0,0
Sanchez Bobby,USA,0,2,0,0,0,0,2
Sanchez Chris,USA,0,1,0,0,0,0,1
Sanchez Christian,USA,0,1,0,0,1,0,0
Sanchez Diego,USA,,,,,,6,0
Sanchez Donald,USA,5,7,0,2,1,0,3
Sanchez Eddie,USA,4,9,0,3,5,0,2
Sanchez Emmanuel,USA,,,,1,0,8,1
Sanchez Erick,USA,,,,3,1,3,0
Sanchez Fortino,USA,0,1,0,0,1,0,0
Sanchez George,USA,0,3,0,0,2,0,1
Sanchez Hector,USA,0,1,0,0,1,0,0
Sanchez Hugo,USA,0,1,0,0,1,0,0
Sanchez Isidro,USA,0,2,0,0,1,0,0
Sanchez Jaclyn,USA,0,1,0,0,0,0,1
Sanchez Jeff,USA,0,1,0,0,0,0,1
Sanchez Jesus,USA,0,1,0,0,1,0,0
Sanchez Joby,USA,,,,4,1,4,2
Sanchez Jose,USA,0,1,0,0,1,0,0
Sanchez Jose,ESP,,,,2,0,5,1
Sanchez Julian,ESP,0,1,0,0,0,0,1
Sanchez Julio,ESP,0,1,0,0,0,0,0
Sanchez Laura,USA,1,2,0,1,0,0,0
Sanchez Marco,USA,0,1,0,0,1,0,0
Sanchez Marcus,USA,1,1,0,1,0,0,1
Sanchez Mark,USA,,,,,,,
Sanchez Michael,USA,0,3,0,0,2,0,1
Sanchez Nikita,USA,0,1,0,0,1,0,0
Sanchez Orlando Mario,USA,1,0,0,0,0,1,0
Sanchez Randy,USA,0,1,0,0,1,0,0
Sanchez Roberto,USA,8,2,0,0,0,7,1
Sanchez Roland,USA,0,1,0,0,1,0,0
Sanchez Salazar,USA,0,1,0,0,1,0,0
Sanchez Tony,USA,0,2,0,0,1,0,0
Sanchez Yamila,USA,0,2,0,0,1,0,0
Sanchez-Birch Jessica,USA,0,2,0,0,1,0,0
Sandefur Brandon,USA,0,1,0,0,1,0,0
Sanders Dedrek,USA,0,3,0,0,2,0,1
Sanders Dekaire,USA,0,1,0,0,0,0,1
Sanders Jeremija,USA,0,2,0,0,1,0,1
Sanders Jerrod,USA,,,,2,1,6,2
Sanders Jesse,USA,0,1,0,0,0,0,1
Sanders John,USA,,,,,,,
Sanders Jordan,USA,0,1,0,0,1,0,0
Sanders Kacey Joe,USA,0,1,0,0,1,0,0
Sanders Luke,USA,,,,7,1,2,3
Sanders Roy,USA,0,2,0,0,0,0,2
Sanders Ryan,USA,,,,2,1,9,1
Sanders Zachary,USA,0,1,0,0,1,0,0
Sanders Jr. Yusuke,USA,0,1,0,0,0,0,1
Sanderson Jeffrey,USA,1,1,0,1,1,0,0
Sanderson Jesse,USA,1,1,0,0,0,0,1
Sanderson da Costa Jean,BRA,0,2,0,0,0,0,2
Sandez Mike,BRA,0,5,0,0,3,0,1
Sandhagen Cory,USA,,,,6,0,3,1
Sandlin Jimmy,USA,0,1,0,0,0,0,1
Sandmann Daniel,USA,0,2,0,0,0,0,1
Sandmeier Lee,USA,8,0,0,1,0,7,0
Sandoval Andy,USA,0,1,0,0,1,0,0
Sandoval Dusty,USA,0,1,0,0,0,0,1
Sandoval Hector,USA,,,,4,2,2,2
Sandoval Hugo,USA,1,0,0,1,0,0,0
Sandoval Joseph,USA,7,7,0,3,4,1,3
Sandoval Martin,USA,0,6,0,0,1,0,3
Sandoval Mike,USA,0,2,0,0,1,0,1
Sandoval Raul,USA,0,2,0,0,0,0,2
Sandro Marlon,BRA,,,,7,2,6,0
Sandt Chris,USA,0,1,0,0,0,0,1
Sandulitskiy Vadim,USA,0,2,0,0,0,0,2
Sandull Glen,USA,1,0,0,0,0,0,0
Sandvig Jay,USA,0,1,0,0,0,0,1
Sandvig Joshua,USA,0,2,0,0,1,0,0
Sandy Kahn,AUS,0,1,0,0,0,0,1
Sanford Chris,AUS,0,1,0,0,1,0,0
Sanford Zach,USA,0,1,0,0,1,0,0
Sangcha'an Roldan,PHI,4,2,0,2,0,2,1
Sangpet Sunun,PHI,0,1,0,0,0,0,1
Sanguin Evan,PHI,0,2,0,0,0,0,1
Sanguinetti John,PHI,0,1,0,0,0,0,0
Sanidad Sue,PHI,,,,,,,
Sanita Gase,PHI,0,1,0,0,0,0,0
Sanko Laura,PHI,1,0,0,0,0,1,0
Sankov Alexander,RUS,0,1,0,0,0,0,1
Sannai Masato,JPN,0,1,0,0,0,0,0
Sano Martin,USA,4,3,1,1,2,3,0
Sano Yuhi,USA,0,4,0,0,1,0,3
Sanoudakis Ilias,CAN,0,3,0,0,1,0,0
Santa Barbara Bruno,CAN,0,1,0,0,1,0,0
Santa Cruz Juan,USA,0,1,0,0,1,0,0
Santa Maria Jonathan,USA,0,1,0,0,1,0,0
Santacana David,USA,0,1,0,0,1,0,0
Santacroce Chris,USA,0,1,0,0,0,0,1
Santalahti Olli,USA,0,3,0,0,0,0,0
Santana Bruno,USA,0,1,0,0,0,0,1
Santana Cleber,BRA,0,2,0,0,0,0,2
Santana Diogo,BRA,0,1,0,0,0,0,1
Santana Duda,BRA,3,1,0,1,0,0,1
Santana Einstein,BRA,0,1,0,0,0,0,1
Santana Giva,USA,2,2,0,0,1,2,0
Santana Henrique,USA,1,2,0,0,1,0,0
Santana Jaquelline,USA,0,1,0,0,1,0,0
Santana Jason,USA,0,1,0,0,0,0,0
Santana Jeovane,USA,0,1,0,0,0,0,1
Santana Joana,USA,0,1,0,0,0,0,1
Santana Julio Cesar,USA,0,1,0,0,0,0,1
Santana Julio Cezar,BRA,0,2,0,0,2,0,0
Santana Kleber,BRA,0,1,0,0,0,0,1
Santana Marcos,BRA,0,1,0,0,1,0,0
Santana Marcos Antonio,BRA,2,1,0,0,0,0,1
Santana Murilo,BRA,1,0,0,0,0,1,0
Santana Omar Jesus,BRA,0,2,0,0,0,0,0
Santana Reginaldo,BRA,0,1,0,0,0,0,1
Santana Ronaldo,BRA,0,1,0,0,1,0,0
Santana Shaheen,USA,6,1,0,0,0,5,1
Santana Shely,USA,0,1,0,0,1,0,0
Santana Tarcio,USA,1,1,0,0,0,0,0
Santana Thais,USA,0,2,0,0,2,0,0
Santana Thiago,USA,0,1,0,0,0,0,0
Santana Victor,BRA,0,1,0,0,0,0,0
Santana Wande Lopes,BRA,0,1,0,0,1,0,0
Santana Dias Mateus,BRA,0,1,0,0,1,0,0
Santella Sean,USA,,,,0,1,,
Santens Jack,USA,0,1,0,0,0,0,1
Santi Marco,ITA,0,3,0,0,1,0,1
Santiago Adelson,BRA,0,1,0,0,1,0,0
Santiago Alejandro,USA,0,2,0,0,1,0,1
Santiago Ben,USA,0,1,0,0,0,0,1
Santiago David,USA,0,1,0,0,0,0,0
Santiago Edione,BRA,0,1,0,0,1,0,0
Santiago Elaine,BRA,0,4,0,0,2,0,2
Santiago Herman,USA,0,1,0,0,0,0,1
Santiago Jesse,USA,0,1,0,0,0,0,1
Santiago Jesus,USA,0,1,0,0,0,0,1
Santiago Jimmy,USA,0,1,0,0,1,0,0
Santiago Joe,USA,0,1,0,0,0,0,1
Santiago Jorge,BRA,,,,,,,
Santiago Junior,BRA,0,1,0,0,1,0,0
Santiago Luan,BRA,0,1,0,0,0,0,1
Santiago Mike,USA,,,,7,2,9,8
Santiago Richie,USA,8,2,0,2,0,6,1
Santiago Jr. Jose Marcos Lima,USA,0,2,0,0,1,0,0
Santiago Jr. Wilfredo,USA,9,5,0,8,4,1,0
Santiago Jr. Will,USA,0,2,0,0,1,0,0
Santibanez Angel,USA,0,1,0,0,1,0,0
Santibanez Jose,USA,0,2,0,0,1,0,1
Santistevan Justin,USA,0,6,0,0,3,0,3
Santon Martinez Daniel Abdul,MEX,0,1,0,0,0,0,1
Santore Art,MEX,1,4,0,0,2,0,0
Santore Frank,USA,2,1,0,0,0,1,0
Santos Adam,USA,0,1,0,0,1,0,0
Santos Adriano,USA,0,1,0,0,1,0,0
Santos Aldo,USA,0,1,0,0,0,0,1
Santos Alexandro,BRA,0,1,0,0,0,0,0
Santos Anderson,BRA,0,1,0,0,0,0,1
Santos Andre,BRA,,,,5,5,,
Santos Ary,BRA,0,4,0,0,2,0,2
Santos Arymarcel,BRA,2,9,0,0,6,1,1
Santos Arymarcel,BRA,0,4,0,0,3,0,0
Santos Augusto Menezes,BRA,0,2,0,0,1,0,1
Santos Bruno,BRA,,,,1,0,1,0
Santos Carlos,BRA,1,0,0,0,0,1,0
Santos Carlos Eduardo,BRA,0,3,0,0,1,0,2
Santos Celio,BRA,0,1,0,0,1,0,0
Santos Cleiton,BRA,0,1,0,0,1,0,0
Santos Daniel,BRA,,,,5,0,2,0
Santos Danilo,BRA,0,1,0,0,1,0,0
Santos Deivid,BRA,0,3,0,0,2,0,1
Santos Deyvison,BRA,0,2,0,0,0,0,2
Santos Diego,BRA,0,2,0,0,1,0,1
Santos Douglas,BRA,0,1,0,0,1,0,0
Santos Edivan,BRA,,,,8,1,4,1
Santos Emerson,BRA,0,1,0,0,0,0,1
Santos Evangelista,BRA,,,,,,6,2
Santos Fabio,BRA,0,1,0,0,0,0,1
Santos Felipe,BRA,0,1,0,0,1,0,0
Santos Filipe,BRA,0,1,0,0,0,0,0
Santos Gabriel,BRA,0,2,0,0,1,0,0
Santos Genival,BRA,0,1,0,0,0,0,0
Santos Gilvan,USA,0,3,0,0,0,0,2
Santos Gleristone,USA,,,,,,6,2
Santos Guilherme,BRA,8,4,0,3,3,4,0
Santos Guilherme,BRA,0,1,0,0,0,0,1
Santos Iliarde,BRA,,,,,,6,0
Santos Ivanildo,BRA,0,1,0,0,0,0,1
Santos Ivanildo Nunes,BRA,0,2,0,0,0,0,2
Santos Jai,USA,0,1,0,0,0,0,1
Santos Jailson Silva,USA,0,1,0,0,1,0,0
Santos Joao,USA,0,1,0,0,0,0,0
Santos John,USA,1,2,0,1,1,0,0
Santos Johnny,BRA,0,1,0,0,1,0,0
Santos Jorges,BRA,0,1,0,0,0,0,1
Santos Kellis,BRA,0,1,0,0,0,0,1
Santos Keven,BRA,0,1,0,0,0,0,1
Santos Leandro,BRA,0,1,0,0,0,0,1
Santos Leonardo,BRA,,,,3,2,9,1
Santos Luciano,BRA,0,1,0,0,0,0,1
Santos Luis,BRA,,,,,,,
Santos Macio,BRA,0,0,0,0,0,0,0
Santos Maicon Juliano,BRA,0,2,0,0,1,0,1
Santos Mairon,BRA,,,,7,0,0,0
Santos Marcelo,BRA,1,1,0,0,0,0,0
Santos Marco,BRA,0,1,0,0,0,0,0
Santos Marcus,BRA,0,1,0,0,1,0,0
Santos Marilia,BRA,,,,2,3,3,0
Santos Mauricio,BRA,0,1,0,0,1,0,0
Santos Maykon,BRA,0,1,0,0,0,0,0
Santos Michael,BRA,0,2,0,0,0,0,1
Santos Miguel,BRA,0,1,0,0,1,0,0
Santos Moises,BRA,0,1,0,0,0,0,0
Santos Natalie,BRA,0,1,0,0,0,0,0
Santos Omni,BRA,1,0,0,0,0,0,0
Santos Paulo,BRA,0,2,0,0,1,0,1
Santos Pedro,BRA,0,2,0,0,1,0,1
Santos Rafael,BRA,0,1,0,0,0,0,1
Santos Renan,BRA,0,1,0,0,1,0,0
Santos Rodrigo,BRA,0,1,0,0,0,0,1
Santos Rogerio,BRA,0,1,0,0,1,0,0
Santos Ronilson,BRA,0,2,0,0,2,0,0
Santos Samara,BRA,0,2,0,0,2,0,0
Santos Sidney,BRA,0,1,0,0,0,0,0
Santos Silvio,BRA,0,1,0,0,1,0,0
Santos Taila,BRA,,,,,,3,0
Santos Thiago,BRA,,,,2,4,5,1
Santos Thiago,BRA,,,,,,1,3
Santos Thiago,BRA,1,1,0,0,0,0,1
Santos Tom,BRA,1,4,0,0,2,0,1
Santos Valdineia,BRA,0,1,0,0,1,0,0
Santos Vanessa,BRA,0,1,0,0,0,0,0
Santos Vanessa,BRA,0,1,0,0,1,0,0
Santos Wendell,BRA,0,1,0,0,1,0,0
Santos Willans,BRA,0,2,0,0,1,0,0
Santos Willians,BRA,1,1,0,0,0,0,0
Santos Yuri,BRA,0,1,0,0,1,0,0
Santos Bezerra Deivison,BRA,0,1,0,0,0,0,0
Santos Campahy Nathielly,BRA,1,1,0,0,0,0,0
Santos Cunha Samara,BRA,0,4,0,0,0,0,1
Santos da Silva Carlos Augusto,BRA,0,1,0,0,0,0,0
Santos da Silva Leandro,BRA,0,1,0,0,0,0,0
Santos de Farias Maria Luciana,BRA,0,1,0,0,0,0,1
Santos de Miranda Antonio,BRA,0,2,0,0,0,0,2
Santos de Oliveira Luiz Bruno,BRA,1,0,0,0,0,0,0
Santos de Oliveira Tarciara,BRA,0,1,0,0,0,0,0
Santos do Nascimento Nubia,BRA,0,4,0,0,0,0,1
Santos Faria Luciano Cesar,BRA,0,2,0,0,1,0,1
Santos Gomes Jose Aparecido,BRA,0,4,0,0,1,0,3
Santos Gomes Marcelo,BRA,1,0,0,0,0,0,0
Santos Jr. Giovanni da Silva,BRA,,,,5,0,4,1
Santos Jr. Mauricio,BRA,0,1,0,0,0,0,0
Santos Nascimento Dayse,BRA,0,1,0,0,0,0,1
Santos Nogueira Jobson,BRA,0,1,0,0,0,0,1
Santos Rodrigues Alexandro,BRA,0,1,0,0,1,0,0
Santos Verona Ganoza Alonso,PER,2,3,0,1,0,1,3
Santry John,ENG,0,1,0,0,0,0,1
Sanza Tony,ENG,0,1,0,0,0,0,1
Sanzo Nick,ENG,1,1,0,1,0,0,1
Saotome Ken,ENG,0,0,1,0,0,0,0
Saoudi Rudy,ENG,0,2,0,0,1,0,1
Sapa Andrey,UKR,0,1,0,0,0,0,1
Sapa Taras,UKR,0,1,0,0,0,0,1
Sapinoso Josh,UKR,0,1,0,0,0,0,1
Sapo Marcio,BRA,0,3,0,0,1,0,1
Sapoka Tadas,BRA,1,1,0,0,0,1,1
Sapp Bob,USA,,,,8,9,3,1
Sapp Eddie,USA,0,1,0,0,0,0,1
Sapun Nikita,USA,0,1,0,0,1,0,0
Saracco Dino,USA,0,1,0,0,0,0,1
Saraceno Tanner,USA,7,4,0,3,1,4,1
Sarafian Daniel,BRA,,,,2,2,7,1
Sarafian Lobato Rodrigo dos Santos,BRA,0,1,0,0,1,0,0
Saragosa Duke,BRA,1,2,0,0,0,0,0
Saraiva Diego,BRA,,,,1,3,1,0
Saraiva Douglas,BRA,0,1,0,0,1,0,0
Saraiva da Costa Augusto Cesar,BRA,0,1,0,0,0,0,1
Sarapov Akhmed,BRA,0,1,0,0,1,0,0
Sarat Jorge,BRA,0,2,0,0,1,0,1
Saraykina Ekaterina,RUS,0,1,0,0,1,0,0
Saraza Juan Felipe Novoa,RUS,0,1,0,0,1,0,0
Sardari Agy,NED,,,,4,0,6,1
Sardinha Jurandir,NED,1,3,0,1,1,0,1
Sarembock Neil,NED,,,,,,,
Sargeant Sonya,NED,0,1,0,0,1,0,0
Sargent Shane,NED,0,2,0,0,1,0,1
Sargisyan Gevor,NED,0,1,0,0,1,0,0
Saric Fikret,NED,0,1,0,0,0,0,1
Saric Zeljko,NED,0,1,0,0,0,0,0
Saricam Gokhan,TUR,6,1,0,5,0,1,1
Sarkarboev Kilichbek,TUR,0,1,0,0,1,0,0
Sarkerov Aliyar,TUR,1,2,0,0,2,1,0
Sarkhi Samir,TUR,0,1,0,0,0,0,1
Sarkis Adam,TUR,0,2,0,0,1,0,0
Sarkozi Robert,TUR,0,7,0,0,3,0,1
Sarmento Danilo,TUR,0,1,0,0,1,0,0
Sarmento Eliton,TUR,0,1,0,0,1,0,0
Sarmiento Harris,USA,,,,1,4,1,3
Sarnavskiy Alexander,RUS,,,,,,,
Sarnavskiy Alexander,RUS,0,0,0,0,0,0,0
Sarnicki Evan,RUS,0,1,0,0,1,0,0
Sarr Ibrahima,RUS,0,1,0,0,1,0,0
Sarran Giovanni,USA,0,3,0,0,1,0,0
Sarratt Jim,USA,,,,,,,
Sarria Edwin,USA,0,1,0,0,1,0,0
Sartori Mario,USA,2,2,0,2,1,0,0
Sartori Tiago,USA,0,1,0,0,0,0,1
Sartorio Gabriel,BRA,0,1,0,0,0,0,0
Sarullo Francesco,ITA,0,2,0,0,0,0,2
Saruta Yosuke,JPN,,,,6,7,2,0
Sasaki Daisuke,JPN,0,1,0,0,0,0,1
Sasaki Fumiya,JPN,0,3,0,0,1,0,0
Sasaki Kinuka,JPN,0,3,0,0,0,0,3
Sasaki Kyosuke,JPN,0,1,1,0,0,0,0
Sasaki Makoto,JPN,0,1,1,0,1,0,0
Sasaki Ryota,JPN,1,0,0,0,0,0,0
Sasaki Shinji,JPN,,,,3,4,,
Sasaki Tak,JPN,0,1,0,0,0,0,1
Sasaki Tom,JPN,0,1,0,0,1,0,0
Sasaki Ulka,JPN,,,,2,2,,
Sasaki Ulka,JPN,0,0,0,0,0,0,0
Sasaki Yuki,JPN,1,9,0,0,2,1,1
Sase Junichi,JPN,2,0,0,0,0,0,0
Saski Yuki,JPN,0,1,0,0,0,0,0
Sass Paul,ENG,,,,0,0,,
Sassone John,ENG,0,3,0,0,2,0,1
Sasu Georges,ENG,5,2,0,1,0,1,1
Satake Masaaki,ENG,1,7,0,1,2,0,2
Sataki Kevin,ENG,,,,,,,
Sathe Shashi,ENG,0,1,0,0,1,0,0
Sato Go,ENG,0,1,0,0,1,0,0
Sato Hayato,ENG,0,1,0,0,1,0,0
Sato Hikari,ENG,0,0,0,0,0,0,0
Sato Hikaru,ENG,0,3,0,0,1,0,1
Sato Hiroki,JPN,0,1,0,0,0,0,0
Sato Kanta,JPN,0,1,0,0,0,0,1
Sato Kensei,JPN,1,2,0,0,1,0,0
Sato Mizuho,JPN,0,2,0,0,1,0,1
Sato Rumina,JPN,,,,0,7,1,1
Sato Ryuhei,JPN,1,0,0,0,0,0,0
Sato Shinya,JPN,1,3,0,0,0,1,3
Sato Shoko,JPN,3,3,0,2,1,1,1
Sato Takashi,JPN,,,,,,2,3
Sato Takenori,JPN,,,,3,7,5,0
Sato Takeshi,JPN,0,2,1,0,0,0,0
Sato Takuya,JPN,1,1,1,0,0,0,1
Sato Yo,JPN,0,1,0,0,0,0,1
Sato Yoichiro,JPN,2,4,2,0,0,0,0
Sato Yuta,JPN,1,0,0,0,0,0,0
Satsuma Tatsuhito,JPN,0,2,0,0,0,0,1
Sattarov Amir,JPN,0,1,0,0,1,0,0
Sattelmayer Aline,BRA,2,9,0,1,1,0,1
Sattelmayer Bianca,BRA,0,6,0,0,0,0,2
Sattelmayer Ricardo,BRA,0,5,0,0,1,0,4
Saucedo Brandon,BRA,,,,,,,
Saucedo Fernando,BRA,0,1,0,0,0,0,1
Sauder Josh,BRA,0,1,0,0,0,0,0
Saudino Jeimeson,BRA,0,3,0,0,0,0,2
Sauer Doug,BRA,0,1,0,0,1,0,0
Sauer Nate,BRA,0,1,0,0,1,0,0
Sauer Tom,BRA,2,3,0,1,3,1,0
Saull Katie,BRA,3,4,0,0,1,1,0
Saulters Oral,BRA,,,,,,,
Saumenig Gregory,USA,0,2,0,0,1,0,1
Saunders Ben,USA,,,,9,9,8,1
Saunders Chad,USA,0,0,0,0,0,0,0
Saunders Chad W.,USA,1,1,0,0,1,1,0
Saunders Chris,USA,0,5,0,0,1,0,1
Saunders James,CAN,0,2,0,0,0,0,2
Saunders Serena,CAN,0,1,0,0,0,0,1
Saunders Shane,CAN,0,1,0,0,1,0,0
Saunders Townsend,CAN,0,2,0,0,0,0,0
Saures Bill,CAN,0,2,0,0,1,0,1
Sauvage Pierre,FRA,1,0,0,0,0,0,0
Sauve Brandon,FRA,0,1,0,0,1,0,0
Savage Cedric,FRA,0,1,0,0,1,0,0
Savage Gary,FRA,0,1,0,0,1,0,0
Savala Richard,FRA,0,1,0,0,1,0,0
Savastenko Alexej,FRA,1,0,0,0,0,0,0
Savchenko Bogdan,FRA,1,2,0,0,0,1,1
Savchuk Marshall,RUS,0,1,0,0,1,0,0
Saveda Floyd,RUS,0,1,0,0,0,0,0
Savelyev Igor,RUS,0,3,0,0,1,0,1
Saville James,ENG,0,6,0,0,2,0,1
Saville Jonny,ENG,0,1,0,0,1,0,0
Savin Kris,ENG,0,1,0,0,1,0,0
Savio Nicolas,ENG,0,1,0,0,0,0,0
Savitsky Oleg,ENG,0,1,0,0,1,0,0
Savochka Roman,ENG,0,4,0,0,2,0,2
Savoie Marc,CAN,1,0,0,0,0,1,0
Savov Artem,CAN,0,1,0,0,0,0,1
Savov Svetlozar,BUL,,,,3,1,9,2
Savvidis Alexis,GRE,,,,3,2,8,3
Sawada Kenichi,GRE,0,1,0,0,0,0,1
Sawada Ryuto,JPN,,,,3,2,8,1
Sawyer Derek,USA,0,1,0,0,0,0,1
Sawyer Gareth,USA,0,1,0,0,1,0,0
Sawyer Race,USA,1,1,0,1,1,0,0
Sawyer Steve,USA,0,1,0,0,0,0,1
Say Sammy,USA,1,1,0,1,0,0,1
Say Tevi,USA,0,1,0,0,1,0,0
Say Tori,USA,0,1,0,0,0,0,0
Sayah Mohamed,FRA,0,2,0,0,1,0,0
Sayakbaev Rinat,FRA,0,1,0,0,1,0,0
Sayavonga Bone,FRA,0,3,0,0,1,0,2
Sayed Irshaad,FRA,0,2,0,0,0,0,0
Sayegh Steve,FRA,0,6,0,0,2,0,4
Sayers Dane,FRA,2,4,0,1,0,0,0
Sayers Lumumba,USA,6,4,0,1,1,5,3
Sayles Brandon,USA,6,2,0,3,1,3,0
Sayles Matt,USA,8,4,0,6,0,1,2
Saytkhojayev Rasul,RUS,0,1,0,0,1,0,0
Sazoff Rachel,RUS,0,5,0,0,2,0,0
Sbardella Brett,RUS,0,2,0,0,2,0,0
Scaggs Matt,RUS,0,1,0,0,0,0,1
Scaife Davarius,RUS,0,1,0,0,0,0,1
Scalco Sidney,RUS,0,1,0,0,1,0,0
Scales Josh,RUS,0,1,0,0,1,0,0
Scallan Eric,RUS,0,2,0,0,0,0,1
Scalzi Lorenzo,RUS,0,1,0,0,0,0,1
Scanlan Joey,RUS,0,1,0,0,1,0,0
Scanlon Chris,RUS,0,1,0,0,0,0,0
Scanlon Mark,ENG,9,2,0,2,0,7,0
Scarcello Mike,CAN,0,2,1,0,1,0,0
Scariot Fernando,BRA,0,1,0,0,0,0,1
Scarr Keri,BRA,0,1,0,0,0,0,0
Scatizzi Daniele,ITA,,,,6,1,1,1
Scepanovic Goran,ITA,0,1,0,0,1,0,0
Schablatura Pinto Eli Reger,BRA,0,2,0,0,1,0,1
Schaeffer Gabe,BRA,1,0,0,0,0,0,0
Schafer Eric,USA,,,,3,3,8,0
Schaffa Ian James,USA,1,6,0,0,2,0,3
Schaffer Andrew,USA,0,1,0,0,1,0,0
Schaffroth Rudy,USA,6,2,0,5,0,1,1
Schall Brian,USA,1,0,0,1,0,0,0
Schall Kerry,USA,1,7,0,0,3,1,3
Schambari Eric,USA,3,4,0,0,1,1,0
Scharf Preston,USA,0,7,0,0,2,0,5
Scharmer Katie Ross,USA,0,2,0,0,1,0,1
Schartzer Shane,USA,0,2,0,0,0,0,1
Schattschneider Luis Guilherme,BRA,0,1,0,0,0,0,1
Schatz Mike,BRA,1,1,0,1,1,0,0
Schaub Brendan,USA,,,,7,4,1,0
Scheck Michael Deiga,USA,0,1,0,0,1,0,0
Scheeper Ryan,USA,0,4,0,0,1,0,3
Scheepers Roelof,RSA,0,1,0,0,1,0,0
Scheffel Matheus,BRA,,,,,,0,1
Schehl Brandon,BRA,0,1,0,0,0,0,1
Schelburn Steve,BRA,0,1,0,0,1,0,0
Schell Jamie,BRA,0,1,0,0,1,0,0
Schembri Antonio,BRA,2,5,0,1,2,1,0
Schembri Francisco Mario,BRA,0,1,0,0,0,0,1
Schenk Aaron,BRA,0,1,0,0,1,0,0
Schepanskyi Vladislav,BRA,0,1,0,0,1,0,0
Schepps Robert,BRA,0,1,0,0,0,0,0
Scherbakov Svyatoslav,BRA,0,2,0,0,1,0,1
Scherbakov Valery,BRA,0,3,0,0,0,0,3
Scherek Fernando,BRA,0,1,0,0,1,0,0
Scherner Fabiano,BRA,1,6,0,0,6,1,0
Scheuermann Robbie,BRA,,,,,,,
Scheufler Gabriel,BRA,0,1,0,0,0,0,1
Scheureumann Robbie,BRA,,,,,,,
Schiavo Samy,BRA,0,3,0,0,1,0,2
Schiavolin Mattia,ITA,1,3,1,0,1,1,1
Schiavoni Matias,ITA,0,0,0,0,0,0,0
Schick Joseph,ITA,1,0,0,0,0,0,0
Schieding Ryan,ITA,0,2,0,0,0,0,2
Schiesaro Riccardo,ITA,1,0,0,0,0,1,0
Schieve Cody,ITA,0,1,0,0,1,0,0
Schilder Sam,ITA,0,1,0,0,1,0,0
Schiller Richard,ITA,1,1,0,0,0,1,1
Schilling Joe,USA,4,6,0,2,2,1,3
Schilling Pat,USA,0,2,0,0,0,0,1
Schills Caroline,USA,0,1,0,0,0,0,1
Schilsler Ben,USA,1,0,0,0,0,1,0
Schilt Semmy,USA,7,6,0,5,2,2,3
Schindler Adam,USA,,,,1,4,6,0
Schinkle Rob,USA,0,1,0,0,1,0,0
Schiro Dante,USA,8,3,0,4,0,3,0
Schissler Diana,USA,0,1,0,0,0,0,0
Schlegel Max,GER,0,1,0,0,0,0,1
Schlesinger Chris,GER,0,1,0,0,1,0,0
Schlichter Christopher Thad,USA,1,2,0,1,1,0,0
Schmall Dakota,USA,0,1,0,0,1,0,0
Schmid Patrick,USA,0,1,0,0,1,0,0
Schmidt Alexander,USA,0,1,0,0,0,0,1
Schmidt Allison,USA,1,1,0,0,0,1,0
Schmidt Jamie,USA,1,1,0,0,1,1,0
Schmidt Tyler,USA,1,0,0,1,0,0,0
Schmiedeberg Bjoern,USA,3,4,0,0,2,1,1
Schmit Justin,USA,0,1,0,0,0,0,1
Schmitt Daniel,USA,0,2,0,0,1,0,0
Schmitz Kenny,USA,0,1,0,0,0,0,1
Schmitz Tom,USA,0,1,0,0,0,0,1
Schnable Noah,USA,0,2,0,0,1,0,1
Schneck Mike,USA,0,1,0,0,0,0,0
Schneider Ben,WAL,0,2,0,0,2,0,0
Schneider Colleen,USA,,,,4,1,3,4
Schneider Eric,USA,0,1,0,0,0,0,1
Schneider Ethan,USA,0,1,0,0,1,0,0
Schneider Keith,USA,1,1,0,0,1,1,0
Schneider Mike,USA,0,1,0,0,1,0,0
Schneider Nick,USA,0,1,0,0,0,0,0
Schneider Sarah,USA,6,6,0,0,3,5,1
Schneider Steve,USA,,,,0,2,0,6
Schneider Tammie,USA,0,4,0,0,1,0,2
Schnell Matt,USA,,,,2,3,8,1
Schob Daniel,USA,0,1,0,0,1,0,0
Schober Dominic,AUT,0,1,0,0,0,0,1
Schockman Josh,AUT,0,1,0,0,0,0,0
Schockman Josh,AUT,0,0,0,0,0,0,0
Schoech Mike,AUT,0,1,0,0,1,0,0
Schoenauer Alex,AUT,0,3,0,0,1,0,1
Schoenauer Alex,AUT,3,3,0,0,1,1,0
Schoenfelder Bailey,USA,2,0,0,2,0,0,0
Schofield Ryan,USA,0,1,0,0,0,0,1
Scholin Joel,USA,0,1,0,0,0,0,1
Scholsberg Martin,USA,0,1,0,0,1,0,0
Scholten Brad,USA,0,1,0,0,0,0,1
Schools John,USA,0,1,0,0,0,0,1
Schoonover Darrill,USA,,,,7,2,5,1
Schorle Jon,USA,,,,,,,
Schoter Christian,USA,0,1,0,0,1,0,0
Schott Brad,USA,0,1,0,0,0,0,1
Schottenheimer Dru,USA,0,1,0,0,1,0,0
Schouteren Nathan,USA,1,5,0,0,2,0,2
Schreiber Clemence,USA,2,3,0,0,0,1,1
Schreiter Ric,USA,0,2,0,0,2,0,0
Schrijber Bob,USA,3,8,0,3,2,0,3
Schroder Danny,USA,0,1,0,0,1,0,0
Schroeder Chris,USA,0,1,0,0,1,0,0
Schroeder Nate,USA,1,6,0,0,1,1,3
Schroeder Zack,USA,1,2,0,0,0,1,2
Schuardt Daniel,AUS,0,1,0,0,0,0,1
Schubert Damaso,AUS,0,1,0,0,1,0,0
Schuck Mathias,AUS,0,3,0,0,2,0,0
Schuckman Lacey,USA,,,,2,1,6,4
Schuld Marc,USA,0,1,0,0,0,0,1
Schulte Dylan,USA,0,1,0,0,1,0,0
Schulte Jaymes,USA,0,1,0,0,0,0,1
Schulte Natan,BRA,,,,4,1,9,1
Schulte Thomas,USA,2,8,0,0,3,2,2
Schultz Eric,USA,0,1,0,0,0,0,1
Schultz Mark,USA,1,0,0,1,0,0,0
Schultz Pat,USA,0,1,0,0,1,0,0
Schultz Ryan,USA,6,7,1,2,6,1,1
Schulz John,USA,5,3,0,2,1,3,2
Schulz L.J.,USA,0,2,0,0,0,0,0
Schumacher Adam,USA,0,3,0,0,3,0,0
Schumacher JR,USA,1,1,0,0,1,0,0
Schuman Frank,USA,0,3,0,0,2,0,1
Schupp Jerome,USA,0,1,0,0,0,0,1
Schurov Yuriy,USA,1,0,0,0,0,0,0
Schut Nathan,USA,0,1,0,0,1,0,0
Schwager Tom,USA,0,1,0,0,1,0,0
Schwartz Br ian,USA,0,0,0,0,0,0,0
Schwartz Brian,USA,1,1,0,1,0,0,0
Schwartz Eric,USA,1,0,0,1,0,0,0
Schwartz Kalyn,USA,2,1,0,1,0,1,1
Schwartz Kalyn,USA,0,0,0,0,0,0,0
Schwellnus Patrick,GER,0,1,0,0,1,0,0
Schwendemann J.D.,GER,0,1,0,0,1,0,0
Scianna Manolo,ITA,0,3,0,0,2,0,0
Scibran Michal,ITA,0,1,0,0,1,0,0
Sckoteski Victor,ITA,0,1,0,0,1,0,0
Scoggins Jared,USA,,,,4,1,0,0
Scoggins Justin,USA,,,,6,0,1,4
Scolesdang Ron,USA,1,2,0,0,1,0,0
Scope Ryan,ENG,,,,4,2,4,1
Scorpio Charlie,PER,0,1,0,0,0,0,1
Scott Bill,PER,0,1,0,0,1,0,0
Scott Bradley,ENG,,,,5,1,5,1
Scott Brook,ENG,0,1,0,0,1,0,0
Scott Chris,ENG,6,3,0,0,1,6,1
Scott Dougie,ENG,0,1,0,0,0,0,1
Scott Gerald,ENG,1,1,0,1,0,0,1
Scott Greg,ENG,0,2,0,0,2,0,0
Scott Jennifer,USA,0,4,0,0,3,0,0
Scott Jeremiah,USA,0,1,0,0,0,0,0
Scott Jewel,USA,0,2,0,0,0,0,1
Scott Joel,USA,2,4,0,1,1,1,0
Scott Mike,USA,0,2,0,0,1,0,1
Scott Robbie,USA,0,1,0,0,0,0,1
Scott Robert,USA,1,1,1,0,0,0,1
Scott Shawn,USA,0,1,0,0,0,0,1
Scott Simon,NZL,1,0,0,0,0,0,0
Scott Tyler,NZL,0,1,0,0,1,0,0
Scouten Jared,NZL,0,1,0,0,1,0,0
Scoville Allen,NZL,0,1,0,0,0,0,1
Screeton Jeremy,NZL,0,1,0,0,0,0,1
Screeton Rick,NZL,1,4,0,0,1,1,3
Scrippe de Oliveira Ricardo,NZL,0,2,0,0,1,0,1
Scriven Lonnie,NZL,1,2,0,0,1,0,0
Scudder Mark,NZL,0,2,0,0,0,0,0
Scully Jimmy,USA,0,1,0,0,1,0,0
Scurtu David,USA,0,1,0,0,1,0,0
Seabourn Forrest,USA,0,1,0,0,0,0,1
Seal Mike,USA,0,7,0,0,2,0,5
Seals Kyle,USA,0,2,0,0,1,0,0
Seals William,USA,0,1,0,0,0,0,1
Seang Chuck,USA,1,0,0,1,0,0,0
Sears Jeff,USA,0,1,0,0,0,0,1
Sears Kevin Ray,USA,3,5,0,2,2,1,2
Seaver Will,USA,0,2,0,0,0,0,2
Sebie Mahmoud,EGY,3,1,0,3,1,0,0
Seck Seydina,FRA,2,4,0,1,0,0,0
Secor Matt,USA,,,,1,1,8,0
Sedano Thomas,USA,0,1,0,0,1,0,0
Sedgwick Belinda,USA,0,1,0,0,1,0,0
Sedigh Moridani Majid,USA,0,1,0,0,1,0,0
Sedillo Gerald,USA,0,1,0,0,0,0,1
Sedovia Edgar,USA,0,1,0,0,0,0,1
Sedras Xavier,RSA,2,1,1,1,0,1,0
Seegrist Kenneth,USA,1,4,0,0,1,1,2
Seery Neil,IRL,,,,6,1,6,6
Sefcik Kyle,IRL,1,0,0,0,0,1,0
Seferbekov Martin,IRL,0,1,0,0,0,0,0
Seferi Naim,IRL,0,1,0,0,0,0,1
Sefo Joe,IRL,0,0,0,0,0,0,0
Sefo Ray,NZL,2,2,0,1,1,1,1
Sefo Rony,NZL,0,1,0,0,0,0,1
Segas Johan,NZL,0,1,0,0,1,0,0
Segerlind Jorgen,NZL,,,,,,,
Segismond Leonardo,NZL,0,1,0,0,0,0,1
Segobin Christophe,NZL,0,1,0,0,1,0,0
Segovia Arturo,NZL,0,1,0,0,0,0,1
Seguin Brendan,USA,4,6,0,1,3,0,2
Seguin Demetrius,USA,0,1,0,0,1,0,0
Segura Ana,MEX,0,1,0,0,0,0,0
Segura Mike,USA,1,4,0,1,0,0,3
Seguy Martial,FRA,0,2,0,0,0,0,1
Seiber Adrienne,FRA,1,1,0,0,0,0,0
Seidel Pat,FRA,0,1,0,0,0,0,1
Seif Samir,FRA,0,1,0,0,1,0,0
Seifert Chris,FRA,1,1,0,0,0,0,1
Seijas Cecchini Jorgelina,FRA,0,1,0,0,1,0,0
Seilhan John,FRA,0,1,0,0,1,0,0
Seipel Jimmy,FRA,2,2,0,0,0,2,2
Seitumerov Izzet,UKR,0,1,0,0,0,0,1
Seixas Ricardo,BRA,9,3,0,3,3,5,0
Sejdievski Denis,BRA,0,1,0,0,0,0,0
Sekaf Laila,BRA,0,1,0,0,0,0,1
Seki Naoki,BRA,0,2,0,0,0,0,1
Seki Yukiko,BRA,0,7,0,0,0,0,1
Sekiguchi Yuto,JPN,1,1,0,0,0,1,1
Sekine Hideki,JPN,7,4,0,3,4,3,0
Sekulic Srdjan,JPN,0,2,0,0,1,0,0
Sekulic Stefan,SER,,,,3,3,6,0
Selanov Boris,UKR,0,1,0,0,1,0,0
Selcuk Ayin Ali,GER,0,2,0,0,1,0,1
Seledtsov Andrey,RUS,0,3,0,0,0,0,0
Selim Fabio,RUS,0,2,0,0,1,0,1
Seljestad Dave,RUS,,,,,,,
Sell Pete,USA,,,,0,5,4,0
Sellars Matt,USA,0,1,0,0,1,0,0
Sellers Matt,USA,0,1,0,0,1,0,0
Selmani Gzim,ALB,4,2,0,1,2,3,0
Selva Walter,ALB,0,1,0,0,0,0,0
Selvagem Dede,ALB,0,1,0,0,1,0,0
Selvarajah Rick,ALB,0,3,0,0,2,0,1
Selvig Andy,ALB,0,2,0,0,0,0,2
Selwa Kamil,POL,0,4,0,0,1,0,1
Sem Maldade Felipe,POL,0,1,0,0,1,0,0
Semebekov Yerlan,POL,0,1,0,0,1,0,0
Semelsberger Matthew,USA,9,3,0,6,1,1,1
Semenov Andrei,USA,5,5,2,2,2,0,0
Semenov Maxim,USA,0,1,0,0,1,0,0
Semenov Pavel,USA,0,1,0,0,0,0,1
Semenov Vladimir,USA,0,1,0,0,0,0,0
Semerzier Mackens,USA,6,4,0,1,0,5,2
Semizhon Sergei,BLR,0,1,0,0,0,0,1
Sen Andrei,RUS,0,1,0,0,1,0,0
Sena Adriano,RUS,0,2,0,0,1,0,1
Sena Tiago,RUS,0,2,0,0,1,0,1
Sene Brandon,RUS,0,1,0,0,0,0,0
Senga Kazuto,RUS,0,2,0,0,2,0,0
Sengeim Sergey,RUS,0,1,0,0,0,0,0
Sengele Christopher,RUS,0,1,0,0,0,0,1
Sengul Sabriye,TUR,0,1,0,0,0,0,1
Senjaya Edwin,TUR,0,1,0,0,1,0,0
Senna Bruno,TUR,0,1,0,0,1,0,0
Seno Marc,TUR,0,1,0,0,1,0,0
Senseney Cody,TUR,0,1,0,0,1,0,0
Senters Maurice,TUR,0,1,0,0,0,0,0
Senyei Laszlo,TUR,1,0,0,1,0,0,0
Senzer Jesse,TUR,,,,,,,
Seoane Mauro,ARG,0,1,0,0,0,0,1
Seob Lee Chang,ARG,0,2,0,0,2,0,0
Seok Kim In,ARG,0,1,0,0,1,0,0
Seok Oh Doo,ARG,0,1,0,0,1,0,0
Seok Son Hyae,ARG,1,0,0,1,0,0,0
Seol Bo Kyung,SKO,1,0,0,0,0,0,0
Sepulveda Adam,USA,0,1,0,0,1,0,0
Sepulveda Ariel,USA,2,3,0,0,1,2,2
Sepulveda Pablo,ARG,0,1,0,0,0,0,1
Sepulveda Scott,ARG,0,1,0,0,1,0,0
Serafim Matheus,ARG,0,1,0,0,1,0,0
Serafim da Silva Arnobio,BRA,0,2,0,0,1,0,0
Serafim da Silva Jr. Daziel,BRA,0,2,0,0,1,0,0
Seraile Ray,BRA,0,2,0,0,1,0,1
Seraille Ray,BRA,0,2,0,0,1,0,1
Serao Leopoldo,BRA,0,3,0,0,3,0,0
Serapio Jolivan,BRA,0,1,0,0,0,0,1
Serati Ivan,BRA,0,3,0,0,3,0,0
Serdyukov Alex,BRA,3,5,0,1,1,2,2
Serebrianikov Andrey,BRA,0,1,0,0,1,0,0
Sergeenko Vadim,BRA,0,1,0,0,1,0,0
Sergeev Maxim,BRA,1,0,0,1,0,0,0
Sergent Willis,USA,0,1,0,0,0,0,0
Sergiacomi Nicholas,USA,1,1,0,0,0,1,1
Serikpulov Ruslan,USA,0,1,0,0,0,0,0
Serio Aline,USA,9,6,0,5,2,1,0
Serio Jenna,USA,1,1,0,0,0,1,0
Serizawa Kenichi,USA,,,,,,,
Serizawa Kenichi,USA,0,1,1,0,1,0,0
Serker Nursulat,USA,0,1,0,0,1,0,0
Serkez Mark,USA,0,1,0,0,0,0,1
Serment Guillermo,USA,0,2,0,0,0,0,2
Serna Joe,USA,0,1,0,0,0,0,1
Seronio III Bobby,USA,1,0,0,0,0,0,0
Serra Matt,USA,,,,2,2,5,0
Serra Nick,USA,0,1,0,0,0,0,0
Serradilla Gregorio Jaime,NED,0,1,0,0,1,0,0
Serrano Adrian,NED,2,3,0,0,2,2,0
Serrano Beto,NED,0,1,0,0,1,0,0
Serrano Christian,NED,0,1,0,0,1,0,0
Serrano David,NED,1,0,0,0,0,1,0
Serrano Fredy,COL,3,2,0,2,0,0,0
Serrano Jorge,USA,0,2,0,0,0,0,0
Serrano Montiel Franklin Manuel,USA,0,2,0,0,2,0,0
Serrao Fabio,BRA,2,3,0,0,0,1,0
Serratos Jorge,BRA,0,1,0,0,1,0,0
Sersoub Said,BRA,0,1,0,0,1,0,0
Servin Armando,BRA,0,1,0,0,0,0,0
Seryakov Alexey,BRA,0,1,0,0,1,0,0
Sesma Brian,USA,0,1,0,0,1,0,0
Sessions Anthony,USA,0,4,0,0,2,0,2
Sessions Justin,USA,0,1,0,0,0,0,1
Sessman Bruce,USA,0,2,0,0,0,0,2
Sethna Mike,USA,0,1,0,0,0,0,1
Seto Tetsuo,USA,0,1,1,0,1,0,0
Setzock Zana,USA,0,1,0,0,1,0,0
Seufzer Jordan,USA,0,5,0,0,3,0,2
Seumanutafa Carl,USA,,,,,,0,0
Severac Cedric,USA,0,2,0,0,0,0,2
Severe David,USA,0,1,0,0,1,0,0
Severn Dan,USA,,,,,,,
Severn Dan,USA,,,,,,,
Severn Jeremy,USA,0,1,0,0,1,0,0
Severo Andre,USA,0,1,0,0,1,0,0
Severo Guilherme,USA,0,1,0,0,0,0,0
Severo Israelsson,BRA,0,1,0,0,0,0,1
Severo Piero,BRA,0,2,0,0,1,0,1
Severs Dustin,BRA,0,1,0,0,0,0,0
Severson Roger,USA,0,2,0,0,0,0,2
Sewell Devante,USA,0,2,0,0,0,0,0
Sexton Ariel,CRC,,,,3,0,9,2
Sexton Colin,CRC,0,1,0,0,1,0,0
Sexton Rosi,ENG,,,,2,3,7,0
Sey Sor,ENG,0,1,0,0,0,0,1
Seydi Kalifa,ENG,0,1,0,0,0,0,1
Seyler Brandon,USA,1,5,1,0,1,1,1
Seyler Todd,USA,0,2,0,0,1,0,0
Seymore D'Nearon,USA,0,1,0,0,0,0,1
Seymour Mike,USA,0,1,0,0,1,0,0
Sfera Marco,USA,0,2,0,0,2,0,0
Sforza Frank,USA,1,0,0,0,0,1,0
Shabadash Vadim,USA,1,0,0,0,0,0,0
Shabalin Vladislav,USA,0,1,0,0,0,0,1
Shabalov Viktor,USA,0,1,0,0,0,0,1
Shabanov Svyatoslav,USA,0,3,0,0,1,0,1
Shabanpour Mohammad Hossein,USA,0,1,0,0,0,0,1
Shabliy Alexander,RUS,,,,,,7,1
Shackelford John,RUS,0,3,0,0,2,0,1
Shackleford Clay,RUS,0,1,0,0,1,0,0
Shackleford John,RUS,0,0,0,0,0,0,0
Shadmanov Alimjon,RUS,0,2,0,0,1,0,1
Shaeffer Chase,RUS,0,1,0,0,0,0,1
Shafer Brett,RUS,0,1,0,0,0,0,0
Shaffer Jay,RUS,0,1,0,0,0,0,0
Shaffer Josh,RUS,0,1,0,0,1,0,0
Shaffer Laramie,RUS,1,3,0,0,2,0,0
Shaffer Scott,RUS,0,1,0,0,0,0,0
Shafiq Qasim,RUS,1,2,0,0,0,1,2
Shafir Marina,MDA,1,2,0,0,2,1,0
Shahbabyan Garik,MDA,0,2,0,0,0,0,2
Shahbazyan Edmen,USA,,,,9,2,1,0
Shahbazyan Leon,USA,7,2,0,1,2,6,0
Shahbudagov Sanan,USA,0,1,0,0,0,0,0
Shaheen Mohamed,EGY,0,2,0,0,2,0,0
Shahinyan Ashot,EGY,0,3,0,0,2,0,1
Shahir Syed,MAS,0,1,0,0,0,0,1
Shaikhaev Daud,RUS,1,1,0,0,1,0,0
Shain Alex,RUS,0,1,0,0,0,0,1
Shainis Don,RUS,0,1,0,0,0,0,0
Shaishmelashvili Levan,RUS,0,1,0,0,0,0,1
Shakhbanov Magomed,RUS,0,1,0,0,1,0,0
Shakhbanov Murad,RUS,0,1,0,0,1,0,0
Shakhbiev Shamil,RUS,0,1,0,0,0,0,1
Shakhmurzaev Anzor,RUS,1,0,0,0,0,0,0
Shakir Nuri,RUS,,,,0,2,2,6
Shakirova Liliya,RUS,8,2,0,3,0,1,1
Shakour Sean,RUS,0,1,0,0,0,0,0
Shalavai Andrei,RUS,0,2,0,0,2,0,0
Shalimova Viktoriya,RUS,0,1,0,0,0,0,1
Shaliqhi Abdul,RUS,0,1,0,0,0,0,1
Shallcross Rory,RUS,0,2,0,0,1,0,1
Shalomaev Evgeny,RUS,0,1,0,0,1,0,0
Shalorus Kamal,IRI,9,5,2,4,1,1,3
Shalstrom Erkka,IRI,0,1,0,0,1,0,0
Shamaev Arbi,IRI,0,2,0,0,1,0,0
Shamaiti Shanati,IRI,1,1,0,1,0,0,1
Shamatava Diego,IRI,0,1,0,0,0,0,1
Shamatov Dalgat,IRI,0,1,0,0,0,0,1
Shamhalaev Shahbulat,RUS,,,,5,0,0,3
Shamilov Ruslan,RUS,1,0,0,1,0,0,0
Shammadov Bairam,RUS,0,1,0,0,0,0,1
Shamrock Frank,USA,9,3,0,3,2,5,0
Shamrock Ken,USA,,,,4,1,,
Shamrock Robbie,USA,0,1,0,0,1,0,0
Shanati Shabati,USA,0,1,0,0,0,0,1
Shandry Nick,USA,0,1,0,0,1,0,0
Shane TC,USA,0,1,0,0,1,0,0
Shaner Reese,USA,0,1,0,0,1,0,0
Shanghai Juliano,USA,0,1,0,0,0,0,1
Shankar Agasa Kantharaj,USA,2,0,0,0,0,1,0
Shanks Luke,ENG,9,3,0,2,1,3,1
Shannon Liam,ENG,0,2,0,0,1,0,0
Shaolin Andre,ENG,0,1,0,0,0,0,0
Shapilov Urudzha,UKR,0,1,0,0,0,0,1
Shapiro Jerry,UKR,1,0,0,1,0,0,0
Shapiro Sam,UKR,0,1,0,0,0,0,0
Shapovalov Aleksey,UKR,0,1,0,0,0,0,1
Sharaputdinov Bagautdin,UKR,1,2,0,0,1,0,1
Shardanov Albert,UKR,0,1,0,0,0,0,1
Sharf Ahmed,UKR,0,1,0,0,1,0,0
Sharifi Danial,UKR,1,1,0,0,0,1,1
Sharipov Bashir,RUS,0,1,0,0,0,0,1
Sharipov Farkhad,USA,,,,3,0,2,0
Sharipov Nasim,USA,0,1,0,0,0,0,1
Sharma Monika,USA,0,2,0,0,2,0,0
Sharma Sascha,IND,0,1,0,0,0,0,0
Sharp Jason,IND,1,3,0,1,1,0,0
Sharp John,IND,,,,,,,
Sharp John,IND,0,1,0,0,0,0,1
Sharp Steve,USA,1,8,0,0,1,0,5
Sharp Ty,USA,0,1,0,0,0,0,1
Sharp Wesley,USA,0,2,0,0,2,0,0
Sharpe DeMarcus,USA,0,1,0,0,0,0,0
Sharpless Joshua,USA,0,1,0,0,0,0,0
Sharpneck Michael,USA,0,1,0,0,1,0,0
Sharudinov Magomed,RUS,0,1,0,0,0,0,1
Shatmanov Talgat,RUS,0,1,0,0,0,0,1
Shatmatov Talgat,KGZ,0,1,0,0,0,0,0
Shaw Josh,KGZ,0,1,0,0,0,0,1
Shaw Matt,KGZ,0,1,0,0,0,0,1
Shaw Steve,KGZ,0,1,0,0,0,0,1
Shaw Steven,KGZ,0,1,0,0,0,0,1
Shaw Zach,KGZ,0,1,0,0,0,0,1
Shaw Zack,KGZ,2,1,0,0,1,2,0
Shawdee Ray,KGZ,0,3,0,0,1,0,1
Shay Almog,KGZ,0,1,0,0,0,0,0
Shayakhmetov Moustafa,KGZ,0,1,0,0,1,0,0
Shcherbakov Valeriy,KGZ,0,2,0,0,1,0,1
Shea Ryan,KGZ,,,,,,,
Shearer Misty,KGZ,0,1,0,0,1,0,0
Shearing Blake,KGZ,0,1,0,0,1,0,0
Shearwood Lee,KGZ,1,0,0,0,0,1,0
Sheehan Dylan,KGZ,0,1,0,0,1,0,0
Sheehan James,KGZ,0,2,0,0,0,0,0
Sheehan Lindsay,KGZ,0,1,0,0,0,0,0
Sheftor Zlata,KGZ,0,2,0,0,0,0,1
Shehan Damion,KGZ,0,2,0,0,1,0,1
Shehovtsov Oleg,RUS,0,1,0,0,1,0,0
Sheil John Michael,IRL,3,1,0,3,0,0,0
Sheldon Jamie,IRL,0,1,0,0,0,0,1
Shelger Reed,IRL,0,1,0,0,1,0,0
Shell Ryan,IRL,0,1,0,0,0,0,0
Shell Sarah,USA,0,1,0,0,0,0,0
Shellabarger Maxwell,USA,0,1,0,0,0,0,1
Shelley Zack,USA,0,2,0,0,1,0,1
Shelton Brandon,USA,2,2,0,0,0,2,2
Shelton Cody,USA,0,1,0,0,1,0,0
Shelton Dwayne,USA,3,5,1,0,1,1,3
Shelton Eric,USA,,,,2,0,5,0
Shelton Issac,USA,0,1,0,0,0,0,0
Shelton Jake,USA,0,1,0,0,1,0,0
Shelton Maurice,USA,0,1,0,0,1,0,0
Shelton Travis,USA,0,1,0,0,0,0,1
Sheludchenko Alexandr,RUS,1,0,0,0,0,1,0
Shemarov Vladimir,RUS,0,3,0,0,2,0,0
Shemetov Sergey,RUS,0,3,0,0,1,0,2
Shemetov Vitaly,RUS,,,,9,4,1,3
Shen Albert,RUS,,,,,,,
Shen Christopher,RUS,,,,,,,
Shenk Dan,RUS,0,2,0,0,0,0,2
Shepard Brent,RUS,0,1,0,0,1,0,0
Shepard Brian,RUS,0,1,0,0,0,0,1
Shepard Mike,RUS,1,0,0,0,0,1,0
Shepard-Mejia Bryce,USA,0,1,0,0,1,0,0
Shepherd David,USA,1,1,0,0,0,1,1
Shepherd Jeremy,USA,0,1,0,0,0,0,1
Shepherd Jordan,USA,0,2,0,0,1,0,1
Shepherd Kirk,ENG,0,1,0,0,1,0,0
Sheppard Chad,ENG,0,1,0,0,1,0,0
Sheppard George,USA,,,,9,4,2,5
Sheppard Matt,USA,0,1,0,0,1,0,0
Sherbatov Yoni,CAN,7,1,1,4,0,1,1
Sheree Amstelveen Elsira,CAN,0,1,0,0,0,0,1
Sherer Rich,CAN,0,1,0,0,1,0,0
Sheridan Hayden,ENG,0,1,0,0,0,0,1
Sheridan Martin,IRL,2,4,0,0,0,2,1
Sheridan Rachel,IRL,0,1,0,0,0,0,0
Sherifov Shakhban,RUS,0,1,0,0,0,0,0
Sherifov Telman,RUS,0,2,0,0,1,0,1
Sherk Sean,USA,,,,8,2,,
Sherman Chad,USA,1,0,0,0,0,0,0
Sherman Chase,USA,,,,,,0,1
Sherman Travis,USA,0,1,0,0,0,0,1
Sherriff Hayden,ENG,0,1,0,0,1,0,0
Sherril Shawn,ENG,0,1,0,0,1,0,0
Sherwood Cody,ENG,0,1,0,0,0,0,1
Sherwood Malissa,ENG,0,1,0,0,0,0,0
Shestakov Dmitriy,RUS,0,2,0,0,0,0,1
Shetizadyan Ayat,RUS,0,1,0,0,0,0,1
Shevchenko Antonina,KGZ,9,4,0,3,1,1,1
Shevchenko Valentina,KGZ,,,,8,1,7,0
Shevtsov Alexandre,KGZ,0,1,0,0,0,0,1
Shewmaker Konner,KGZ,0,1,0,0,1,0,0
Shi Xiaoyu,CHN,0,1,0,0,0,0,1
Shiba Hiroshi,CHN,0,1,0,0,0,0,0
Shibata Katsuyori,CHN,2,7,0,1,2,0,4
Shibata Yuya,JPN,0,5,0,0,1,0,1
Shibisai Shoma,JPN,0,1,0,0,1,0,0
Shibuya Osami,JPN,3,6,2,0,2,2,2
Shibuya Riku,JPN,1,0,0,0,0,1,0
Shida Miki,JPN,2,2,1,0,1,0,0
Shidov Murad,RUS,0,1,0,0,1,0,0
Shields Claressa,USA,1,1,0,1,0,0,0
Shields Faye,USA,0,2,0,0,1,0,1
Shields Jake,USA,,,,3,4,,
Shiels Jonny,USA,0,1,0,0,0,0,0
Shiely Kyle,USA,,,,,,,
Shiflett Russell,USA,0,1,0,0,0,0,0
Shigeyasu Baba,USA,0,1,0,0,0,0,0
Shiguemoto Henrique,BRA,,,,,,3,2
Shiguemoto Henrique,BRA,0,0,0,0,0,0,0
Shiiki Tsutomu,BRA,0,2,0,0,0,0,1
Shikhmagomedov Timur,RUS,0,1,0,0,1,0,0
Shikshabekov Magomed,RUS,1,1,0,0,0,1,0
Shikuwa Koji,JPN,1,1,0,0,1,0,0
Shilov Sergey,JPN,0,1,0,0,1,0,0
Shim Yoon Jae,JPN,0,2,0,0,2,0,0
Shimabukuro Chikara,JPN,0,2,0,0,0,0,0
Shimada Yuji,JPN,,,,,,,
Shimakawa Nobuyuki,JPN,0,1,0,0,1,0,0
Shimazu Akira,JPN,0,1,0,0,0,0,0
Shimioshi Kota,JPN,0,0,0,0,0,0,0
Shimizu Ai,JPN,1,1,0,0,0,0,0
Shimizu Daiki,JPN,0,1,0,0,0,0,0
Shimizu Kiyotaka,JPN,,,,3,2,4,1
Shimizu Shunichi,JPN,,,,4,1,,
Shimizu Toshihiro,JPN,1,3,0,0,0,1,2
Shimoishi Kota,JPN,2,6,0,0,2,1,3
Shimokawa Yusei,JPN,1,2,0,0,0,0,1
Shimomakise Natsuki,JPN,0,1,0,0,0,0,1
Shin Dong Woo,SKO,0,1,0,0,1,0,0
Shinable Noah,SKO,0,2,0,0,1,0,1
Shinba Yoshinari,JPN,0,1,0,0,1,0,0
Shinde Rashi,JPN,0,0,0,0,0,0,0
Shinn Tyler,USA,8,5,0,2,0,3,1
Shinohara Hikaru,JPN,0,1,0,0,0,0,1
Shintani Craig,CAN,0,1,0,0,1,0,0
Shioda Ayuma,CAN,0,2,0,0,1,0,0
Shiokawa Tiago,CAN,0,1,0,0,1,0,0
Shiori Yu,CAN,0,2,0,0,0,0,1
Shiozaki Keiji,CAN,,,,,,,
Shiozawa Masato,CAN,0,2,0,0,0,0,0
Shipman Mike,ENG,,,,8,2,5,0
Shipman Scott,ENG,0,1,0,0,0,0,1
Shipp Cody,ENG,0,1,0,0,0,0,1
Shipp Wade,ENG,0,1,0,0,1,0,0
Shippen Raja,USA,0,2,0,0,1,0,1
Shirai Yuya,JPN,2,6,1,1,2,1,1
Shirakawa Rikuto,JPN,0,2,0,0,1,0,0
Shirifov Ilgar,JPN,0,1,0,0,0,0,0
Shirley Dalby,JPN,,,,,,,
Shirley Eon,JPN,0,2,0,0,2,0,0
Shirley Pat,JPN,0,1,0,0,0,0,1
Shiroma Van,USA,0,1,0,0,1,0,0
Shirota Kazuhide,USA,0,1,0,0,0,0,0
Shirt Simon,USA,0,2,0,0,2,0,0
Shishino Hiroaki,USA,0,1,0,0,0,0,1
Shishunin Viktor,USA,0,1,0,0,1,0,0
Shitani Craig,USA,0,0,0,0,0,0,0
Shivers Ricky,USA,2,2,0,0,1,2,0
Shivers Wes,USA,1,0,0,1,0,0,0
Shkraba Vitali,USA,0,1,0,0,1,0,0
Shkrabiy Dmitriy,USA,0,1,0,0,1,0,0
Shlemenko Alexander,RUS,,,,,,,
Shmelev Alexandr,RUS,0,1,0,0,0,0,1
Shoaff Tom,USA,2,2,0,1,1,0,1
Shockley John,USA,0,0,0,0,0,0,0
Shockley Josh,USA,,,,3,1,5,2
Shockman Josh,USA,0,2,0,0,1,0,0
Shoenfelt Brett,USA,0,3,0,0,1,0,1
Shoffner Michael,MEX,0,1,0,0,1,0,0
Shoji Akira,MEX,,,,2,5,3,2
Shojo Yuki,MEX,,,,1,2,3,1
Shokalo Artem,MEX,0,8,0,0,2,0,1
Shokirov Mukhammedali,MEX,0,1,0,0,1,0,0
Sholinian Liudvik,UKR,9,3,1,1,0,3,0
Sholinian Vardan,USA,7,3,0,3,1,1,0
Sholtey Murrey,USA,0,1,0,0,1,0,0
Shomatov Somar,USA,0,1,0,0,1,0,0
Shopin Alexey,USA,0,1,0,0,0,0,1
Shord Shannon,USA,0,1,0,0,1,0,0
Shore Jack,WAL,,,,4,0,8,0
Shores Jon,WAL,0,2,0,0,0,0,1
Shorey Derek,WAL,0,1,0,0,0,0,1
Shorey Matt,WAL,0,1,0,0,1,0,0
Short Eric,WAL,0,1,0,0,0,0,0
Short Jake,WAL,2,5,0,0,2,0,2
Shortby Dave,WAL,0,1,0,0,1,0,0
Shortland Brad,WAL,0,1,0,0,0,0,0
Shortman Daniel,WAL,0,1,0,0,1,0,0
Shortz Adam,WAL,0,1,0,0,1,0,0
Shoshan Carmel Ben,WAL,0,1,0,0,1,0,0
Shoshiashvili Avtandil,WAL,0,2,0,0,1,0,1
Shovhalov Rasul,RUS,,,,6,1,4,2
Showalter Landon,RUS,1,6,0,0,2,0,2
Shpak Valeri,BLR,0,2,0,0,0,0,2
Shporen Lior,BLR,0,3,0,0,1,0,0
Shpota Andrei,BLR,0,1,0,0,1,0,0
Shrake Miles,BLR,0,1,0,0,0,0,1
Shreiweis Zoie,BLR,1,2,0,0,0,0,2
Shriver Jenny,BLR,6,4,0,1,2,3,0
Shriver Phillip,BLR,0,1,0,0,0,0,1
Shropshire Jacob,BLR,0,1,0,0,0,0,1
Shtembulyak Yuriy,BLR,0,1,0,0,1,0,0
Shtepenko Maxim,BLR,0,1,0,0,0,0,0
Shtepin Bair,BLR,0,1,0,0,0,0,0
Shtyrkov Ivan,RUS,,,,7,0,5,0
Shuang Ma,RUS,0,1,0,0,0,0,0
Shubinsky Dmitry,RUS,0,1,0,0,1,0,0
Shuey Brandon,RUS,0,4,0,0,1,0,3
Shuffield Codie,RUS,0,1,0,0,0,0,1
Shugart Adam,USA,0,1,0,0,1,0,0
Shuler Andre,USA,0,1,0,0,0,0,1
Shuliak Alexey,USA,0,1,0,0,1,0,0
Shumake Chris,USA,0,1,0,0,1,0,0
Shumanov Vladimir,USA,0,1,0,0,0,0,1
Shumejko Valentin,USA,0,1,0,0,1,0,0
Shumilov Dmitry,USA,0,1,0,0,0,0,0
Shupanov Sharamazan,RUS,4,2,1,0,1,0,0
Shurkevich Alexey,RUS,,,,9,0,1,0
Shurov Yuri,RUS,0,1,0,0,0,0,0
Shutt Blaine,USA,8,5,0,0,0,6,1
Shutt Will,USA,,,,0,5,1,6
Shuttleworth Julian,USA,0,1,0,0,1,0,0
Shvelidze David,USA,0,2,0,0,0,0,2
Shvets Maxim,UKR,1,1,0,0,0,0,1
Shwartz Ingrid,BRA,0,1,0,0,1,0,0
Shymr Aaron,BRA,0,2,0,0,2,0,0
Siacuila Svajunas,BRA,0,1,0,0,0,0,1
Siaucila Tomas,BRA,0,2,0,0,1,0,1
Sibirskiy-Manko Evgeny,BLR,0,1,0,0,0,0,0
Sichan Khon,BLR,0,1,0,0,0,0,1
Sicilia Sam,USA,,,,8,3,4,6
Sickinger Morgan,USA,0,6,0,0,4,0,1
Sidaminou Andy,USA,0,1,0,0,1,0,0
Sidders Tyler,USA,0,0,0,0,0,0,0
Siddique Chamber,USA,0,0,0,0,0,0,0
Siddique Inayatullah,USA,0,2,0,0,1,0,1
Sidelnikov Kiril,USA,2,0,0,0,0,0,0
Sidelnikov Kirill,RUS,,,,7,5,1,0
Sidibe Banjougou,RUS,1,1,0,0,0,0,0
Sidibe Ousmane,RUS,0,2,0,0,1,0,1
Sidic Jacob,RUS,1,0,0,1,0,0,0
Sidoni Jimmy,RUS,0,2,0,0,1,0,1
Sidorenko Alexey,RUS,1,2,0,1,0,0,0
Sidorenko Artiom,RUS,0,1,0,0,1,0,0
Sidorov Vyacheslav,RUS,0,1,0,0,0,0,1
Sidrac Maicon,BRA,0,1,0,0,0,0,0
Siegert Nelson,BRA,1,0,0,0,0,1,0
Sierra Jeremiah,BRA,0,1,0,0,0,0,1
Sierra Michael,BRA,1,2,0,1,1,0,1
Siersma Lee,BRA,0,1,0,0,0,0,1
Sifflet Steeve,BRA,1,0,0,0,0,0,0
Sigala Charisa,BRA,0,1,0,0,1,0,0
Sigala Jesus,MEX,0,1,0,0,0,0,0
Sigala Stacey,MEX,0,1,0,0,1,0,0
Siggins Dennis,MEX,0,1,0,0,1,0,0
Signorino Sal,MEX,,,,,,,
Signwacha Kongfah,MEX,0,1,0,0,0,0,1
Siiskonen Eeva,FIN,4,5,1,2,1,0,3
Sikic Vlado,CRO,,,,7,0,2,0
Sikora Marek,CRO,0,1,0,0,0,0,1
Silagadze Roman,CRO,0,1,0,0,0,0,0
Silagi Tim,CRO,0,1,0,0,1,0,0
Silander Mikael,FIN,2,4,0,0,1,1,1
Silawanto Zuli,FIN,0,2,0,0,0,0,2
Silbert Roy,FIN,,,,,,,
Silbont Szilvester,FIN,0,1,0,0,0,0,1
Siler Jack,FIN,0,1,0,0,1,0,0
Siler Steven,USA,,,,6,6,,
Siliezar Dennys,ESA,0,1,0,0,0,0,1
Siliga Siala-Mou,USA,,,,9,2,3,2
Sill Bruno,USA,0,1,0,0,0,0,1
Sillen Hanna,USA,2,1,0,1,1,0,0
Siller Xavier,USA,5,6,0,2,4,2,2
Sills Jeromie,USA,0,1,0,0,0,0,1
Silnyagin Dmitry,USA,1,0,0,0,0,0,0
Silva Adriano,USA,0,1,0,0,1,0,0
Silva Afranio,USA,0,1,0,0,0,0,1
Silva Alberto,USA,0,1,0,0,0,0,1
Silva Aldo,BRA,0,3,0,0,2,0,0
Silva Alessandra,BRA,,,,0,2,0,6
Silva Alex,BRA,1,4,0,0,0,0,1
Silva Alex,BRA,7,5,0,0,0,6,0
Silva Alexandre,BRA,0,1,0,0,1,0,0
Silva Allen Gabriel,BRA,0,1,0,0,0,0,0
Silva Anderson,BRA,,,,,,4,2
Silva Anderson,BRA,0,2,0,0,0,0,2
Silva Anderson,BRA,0,2,0,0,2,0,0
Silva Andre,BRA,0,1,0,0,1,0,0
Silva Antonio,BRA,,,,,,2,0
Silva Antonio,BRA,0,1,0,0,0,0,1
Silva Arielson,BRA,0,2,0,0,1,0,1
Silva Arivaldo Lima,BRA,0,1,0,0,0,0,1
Silva Assuerio,BRA,4,6,0,1,2,1,1
Silva Beto,BRA,0,2,0,0,2,0,0
Silva Brent,BRA,0,1,0,0,0,0,1
Silva Bruno,POR,1,3,0,1,1,0,2
Silva Bruno,BRA,,,,5,1,3,1
Silva Bruno,BRA,0,0,0,0,0,0,0
Silva Bruno,BRA,8,3,2,2,1,3,1
Silva Bruno,BRA,,,,,,0,5
Silva Buffalo,BRA,0,1,0,0,1,0,0
Silva Caique,BRA,0,1,0,0,1,0,0
Silva Cameron,BRA,0,1,0,0,1,0,0
Silva Carlao,BRA,,,,7,1,1,0
Silva Carlos Alberto,BRA,0,1,0,0,0,0,0
Silva Caroline,BRA,0,2,0,0,1,0,0
Silva Cemir,BRA,0,2,0,0,1,0,0
Silva Chris,BRA,0,1,0,0,0,0,1
Silva Claudio,BRA,,,,2,0,9,0
Silva Clesio,BRA,0,1,0,0,0,0,1
Silva Cleverson,BRA,1,2,0,0,1,0,0
Silva Daniel,BRA,0,1,0,0,1,0,0
Silva Danilo,BRA,0,2,0,0,1,0,0
Silva Danny,USA,1,0,0,1,0,0,0
Silva David,USA,0,1,0,0,0,0,0
Silva David Alan,USA,0,1,0,0,1,0,0
Silva Dayana,USA,0,0,0,0,0,0,0
Silva Dayana,BRA,9,7,0,2,2,0,0
Silva Debora,BRA,0,1,0,0,1,0,0
Silva Denilson,BRA,0,1,0,0,1,0,0
Silva Denis,BRA,1,2,0,0,1,0,0
Silva Denison,BRA,1,2,0,0,1,1,0
Silva Dinarte,BRA,1,1,0,0,0,0,1
Silva Diogo,BRA,0,2,0,0,0,0,1
Silva Dulcino,BRA,0,1,0,0,0,0,1
Silva Ederson,BRA,0,1,0,0,1,0,0
Silva Edson,BRA,0,3,0,0,2,0,1
Silva Eduardo,BRA,1,1,0,0,1,1,0
Silva Eliel,BRA,0,1,0,0,0,0,0
Silva Elieni,BRA,0,3,0,0,1,0,1
Silva Emanuel,BRA,0,1,0,0,0,0,1
Silva Emanuel,BRA,0,1,0,0,1,0,0
Silva Enrique,BRA,0,2,0,0,1,0,0
Silva Erick,BRA,,,,4,4,,
Silva Erick Carlos,BRA,,,,,,,
Silva Fabiano,BRA,0,1,0,0,0,0,1
Silva Fabio,BRA,1,3,0,0,2,0,0
Silva Felipe,BRA,8,3,0,6,2,1,1
Silva Felipe,BRA,0,1,0,0,0,0,1
Silva Fernando,BRA,0,3,0,0,3,0,0
Silva Filipe,BRA,1,0,0,0,0,1,0
Silva Francisco,BRA,0,4,0,0,3,0,1
Silva Gabriel,BRA,8,2,0,3,0,1,0
Silva Gerson,BRA,0,1,0,0,0,0,0
Silva Gilklei Antonio,BRA,0,1,0,0,0,0,1
Silva Heitor Eschiavo,BRA,0,1,0,0,0,0,1
Silva Ikaika,BRA,0,1,0,0,0,0,0
Silva Isaias,BRA,0,1,0,0,1,0,0
Silva Isaque,BRA,0,1,0,0,0,0,1
Silva Israel,BRA,0,1,0,0,0,0,0
Silva Jacob,USA,6,5,0,5,1,1,2
Silva Jamilson,USA,1,0,0,0,0,0,0
Silva Jansey,BRA,7,2,0,5,1,0,1
Silva Jay,USA,,,,6,4,3,0
Silva Jean,BRA,3,3,0,2,1,0,1
Silva Jefferson,BRA,0,1,0,0,1,0,0
Silva Joao,BRA,0,2,0,0,0,0,1
Silva Joaquim,BRA,,,,6,2,3,1
Silva Joel,BRA,0,1,0,0,1,0,0
Silva Jorge,BRA,3,1,0,0,0,1,0
Silva Jose,BRA,0,0,0,0,0,0,0
Silva Josenaldo,BRA,,,,,,4,4
Silva Josh,BRA,0,1,0,0,0,0,1
Silva Josiel,BRA,1,3,0,0,1,0,1
Silva Josue,BRA,0,1,0,0,1,0,0
Silva Juliana,BRA,0,1,0,0,0,0,1
Silva Junior,BRA,0,1,0,0,1,0,0
Silva Kaique,BRA,0,1,0,0,0,0,1
Silva Karine,BRA,,,,9,1,5,2
Silva Keola,BRA,1,0,0,0,0,0,0
Silva Lamar,BRA,0,2,0,0,1,0,1
Silva Leandro,BRA,,,,,,0,1
Silva Leandro,BRA,,,,3,0,,
Silva Leandro,BRA,0,1,0,0,1,0,0
Silva Lindomar,BRA,0,1,0,0,0,0,1
Silva Lucas Eduardo,BRA,0,1,0,0,0,0,0
Silva Luciano,BRA,0,1,0,0,0,0,1
Silva Luis,BRA,0,1,0,0,0,0,1
Silva Luiz,BRA,0,1,0,0,0,0,1
Silva Luly,ARG,0,1,0,0,0,0,1
Silva Magno,BRA,0,1,0,0,1,0,0
Silva Manuel,BRA,0,1,0,0,0,0,0
Silva Marcelo,BRA,0,3,0,0,1,0,2
Silva Marcia,BRA,0,1,0,0,0,0,1
Silva Marcos,BRA,0,1,0,0,0,0,0
Silva Maria,BRA,7,0,0,3,0,2,0
Silva Marlon,BRA,0,1,0,0,0,0,0
Silva Maryo Antonio,BRA,0,1,0,0,0,0,1
Silva Michel,BRA,1,3,0,0,0,0,1
Silva Morgana,BRA,0,2,0,0,2,0,0
Silva Natalia Cristina Miranda,BRA,0,3,0,0,1,0,1
Silva Ney,BRA,0,1,0,0,1,0,0
Silva Neyanderson,BRA,0,1,0,0,0,0,1
Silva Nildo,BRA,0,1,0,0,1,0,0
Silva Pat,BRA,0,1,0,0,0,0,0
Silva Paulo,BRA,0,3,0,0,1,0,1
Silva Paulo,BRA,6,6,0,1,1,2,2
Silva Paulo Cesar,BRA,1,6,0,0,4,1,2
Silva Paulo H.,BRA,0,1,0,0,1,0,0
Silva Paulo Roberto,BRA,0,1,0,0,1,0,0
Silva Pedro,BRA,0,1,0,0,1,0,0
Silva Pedro Paulo,BRA,0,1,0,0,0,0,1
Silva Phelipe,BRA,0,1,0,0,1,0,0
Silva Raelcio,BRA,0,1,0,0,0,0,1
Silva Rafael,POR,1,7,0,1,2,0,3
Silva Rafael,BRA,,,,8,1,,
Silva Rafael,BRA,0,3,0,0,2,0,1
Silva Rafael,BRA,0,2,0,0,1,0,0
Silva Ramones,BRA,0,1,0,0,1,0,0
Silva Raniere,BRA,0,1,0,0,0,0,0
Silva Rayner,BRA,0,1,0,0,1,0,0
Silva Ricardo,BRA,,,,0,4,0,4
Silva Richard,BRA,0,2,0,0,1,0,1
Silva Richard,BRA,0,0,0,0,0,0,0
Silva Roberto Bispo,BRA,0,1,0,0,0,0,1
Silva Rogerio,BRA,0,1,0,0,1,0,0
Silva Romulo,BRA,0,1,0,0,1,0,0
Silva Rony,BRA,0,1,0,0,0,0,1
Silva Sammy,BRA,0,1,0,0,0,0,0
Silva Saulo,BRA,0,1,0,0,1,0,0
Silva Sidney,BRA,0,4,0,0,2,0,1
Silva Silas,BRA,0,1,0,0,0,0,1
Silva Simone,BRA,0,1,0,0,0,0,1
Silva Tati,BRA,0,1,0,0,0,0,1
Silva Taynara,BRA,0,1,0,0,0,0,0
Silva Thiago,BRA,,,,,,1,1
Silva Thiago,BRA,1,4,0,0,1,0,1
Silva Thiago Buarque,BRA,0,2,0,0,1,0,1
Silva Thiago Michel Pereira,BRA,2,0,0,2,0,0,0
Silva Tiago,BRA,0,1,0,0,1,0,0
Silva Valderi,BRA,0,1,0,0,0,0,0
Silva Valdines,BRA,1,4,0,1,3,0,1
Silva Valmir,BRA,0,1,0,0,0,0,0
Silva Vanessa,BRA,0,1,0,0,1,0,0
Silva Victor Hugo,BRA,0,2,0,0,2,0,0
Silva Vitor,ENG,0,4,0,0,4,0,0
Silva Wagner,BRA,3,2,0,0,0,2,2
Silva Wanderlei,BRA,,,,,,1,0
Silva Wanderson,BRA,0,3,0,0,1,0,1
Silva Wellington,BRA,0,1,0,0,1,0,0
Silva Willian,BRA,0,1,0,0,0,0,1
Silva Alves Edilceu,BRA,1,0,0,1,0,0,0
Silva Batista Thiago,BRA,0,1,0,0,1,0,0
Silva Costa Elinardo,BRA,0,1,0,0,0,0,1
Silva da Conceicao Fabiano,BRA,0,1,0,0,0,0,0
Silva da Costa Jadison Dimitry,BRA,0,1,0,0,1,0,0
Silva de Almeida Antonio Evandro,BRA,0,1,0,0,1,0,0
Silva de Andrade Douglas,BRA,,,,,,1,1
Silva De Oliveira Leonardo,BRA,1,2,0,0,1,0,1
Silva de Souza Missael,BRA,1,3,0,0,3,0,0
Silva do Carmo Michel Pedro,BRA,0,1,0,0,1,0,0
Silva dos Santos Jefferson,BRA,0,1,0,0,1,0,0
Silva dos Santos Nilton Eduardo,BRA,0,1,0,0,1,0,0
Silva Fernandes Rodrigo,BRA,0,1,0,0,1,0,0
Silva Gomes Wagner,BRA,0,1,0,0,1,0,0
Silva Jr. Antonio,BRA,0,2,0,0,2,0,0
Silva Lima Israel,BRA,0,1,0,0,0,0,1
Silva Lopes Henrique,BRA,1,1,0,1,0,0,1
Silva Milhorance Gilmar,BRA,,,,,,,
Silva Mosque Mayke Douglas,BRA,0,1,0,0,1,0,0
Silva Neto Antonio,BRA,0,1,0,0,0,0,0
Silva Oliveira Matheus,BRA,0,1,0,0,1,0,0
Silva Ramos Adriano Alberto,BRA,0,2,0,0,0,0,1
Silva Santos Jailson,BRA,0,1,0,0,0,0,1
Silva Sena Geisa,BRA,0,1,0,0,1,0,0
Silvan Maycon,BRA,2,1,0,1,0,0,0
Silvaneide da Silva Antonia,BRA,0,2,0,0,1,0,1
Silvanovich Roman,BRA,0,1,0,0,0,0,0
Silveira James,BRA,0,1,0,0,1,0,0
Silveira Jamil,BRA,0,0,0,0,0,0,0
Silveira Joshua,USA,7,0,0,2,0,4,0
Silveira Paulo Cesar,BRA,0,1,0,0,1,0,0
Silveira Rogelson Henrique,BRA,0,0,1,0,0,0,0
Silveira Queiroz Ermesson,BRA,0,4,0,0,2,0,0
Silver Dennis,BRA,0,0,0,0,0,0,0
Silveria James,BRA,0,1,0,0,0,0,1
Silverio Alan,BRA,1,1,0,0,0,0,0
Silverio Anderson,BRA,0,1,0,0,0,0,1
Silverio Diego,BRA,0,1,0,0,0,0,1
Silverio Elias,BRA,,,,3,1,1,0
Silverio Jenny,BRA,1,2,0,0,1,0,0
Silversmith Blair,BRA,0,1,0,0,1,0,0
Silvestre Eliezer,BRA,0,1,0,0,1,0,0
Silvestre Vincent,BRA,0,1,0,0,0,0,1
Silvestrin Tommaso,ITA,1,0,0,0,0,0,0
Silvs Jamilson,ITA,0,0,0,0,0,0,0
Simanjuntak Linson,ITA,0,1,0,0,0,0,0
Simanjuntak Luhut,ITA,0,1,0,0,1,0,0
Simetti Arley,ITA,0,2,0,0,1,0,1
Simeunovic Slavis,ITA,0,1,0,0,0,0,1
Simic Boban,ITA,1,4,0,0,0,0,0
Simic Ivan,ITA,0,2,0,0,1,0,1
Simionescu Ionut,ITA,0,1,0,0,0,0,1
Simkin Denis,ITA,0,1,0,0,0,0,1
Simmons Chris,ITA,0,3,0,0,0,0,1
Simmons Corey,ITA,0,3,0,0,1,0,2
Simmons David,AUS,0,1,0,0,1,0,0
Simmons DeMarcus,USA,0,0,0,0,0,0,0
Simmons Jamey,USA,7,4,0,4,2,1,2
Simmons Keland,USA,0,1,0,0,0,0,1
Simmons Robert,USA,0,2,0,0,2,0,0
Simmons Steve,USA,0,2,0,0,0,0,2
Simms Joe,USA,0,1,0,0,0,0,1
Simms Matt,USA,0,1,0,0,1,0,0
Simms Steve,CAN,0,1,0,0,0,0,1
Simoes Eduardo,CAN,1,1,0,0,0,1,0
Simoes Isaias,BRA,0,1,0,0,0,0,0
Simoes Yuri,BRA,0,1,0,0,0,0,0
Simon Allan,BRA,0,1,0,0,1,0,0
Simon Krisztian,BRA,0,1,0,0,1,0,0
Simon Ricky,USA,,,,7,1,2,1
Simone Craig,USA,0,1,0,0,1,0,0
Simonenko Alexandr,UKR,0,1,0,0,0,0,0
Simonic Tomaz,UKR,0,3,0,0,0,0,2
Simonov Gennadiy,UKR,0,1,0,0,0,0,1
Simons Ben,UKR,3,3,0,0,1,2,2
Simonyan Vladimir,UKR,0,2,0,0,1,0,1
Simper Tyler,UKR,0,1,0,0,1,0,0
Simpkins Cody,UKR,0,1,0,0,1,0,0
Simpleman Sooksan,UKR,0,1,0,0,0,0,1
Simpson Aaron,USA,,,,6,3,1,0
Simpson Cory,USA,0,3,0,0,0,0,3
Simpson Donny,USA,1,0,0,0,0,1,0
Simpson Josh,USA,0,1,0,0,1,0,0
Simpson Kyle,USA,0,1,0,0,1,0,0
Simpson Leonard,USA,0,3,0,0,2,0,1
Simpson Leville,USA,0,2,0,0,0,0,0
Simpson Mark,USA,,,,,,,
Simpson Rusty,USA,0,2,0,0,1,0,1
Simpson Shawn,USA,0,1,0,0,0,0,1
Simpson Steve,USA,0,1,0,0,1,0,0
Simpson Tessa,USA,5,3,0,1,0,2,2
Simpson Trey,USA,0,1,0,0,0,0,1
Sims Chaun,USA,1,2,0,1,2,0,0
Sims Everett,USA,3,1,0,2,1,1,0
Sims Heath,USA,0,1,2,0,0,0,0
Sims JR,USA,0,1,0,0,1,0,0
Sims Kev,USA,0,1,0,0,1,0,0
Sims Louis,USA,0,2,0,0,0,0,2
Sims Marcus,USA,0,1,0,0,0,0,1
Sims Marlon,USA,0,3,0,0,2,0,1
Sims Paul,USA,1,1,0,0,0,1,0
Sims Tony,USA,,,,,,2,2
Sims Wes,USA,0,8,0,0,4,0,2
Simykin Andrei,USA,0,1,0,0,1,0,0
Sin Do Gi,USA,0,1,0,0,1,0,0
Sinai Francisco,USA,0,0,0,0,0,0,0
Sincaid Lodune,USA,1,4,0,0,3,0,1
Sinclair Mick,ENG,,,,5,0,5,3
Sinclair Rob,ENG,,,,,,1,2
Sinclair Vincent,ENG,,,,,,,
Sindarev Alex,ENG,0,1,0,0,0,0,1
Sindone Dominick,USA,0,1,0,0,0,0,1
Sines Oliver,ENG,0,1,0,0,1,0,0
Singer Rory,USA,3,5,0,1,3,1,2
Singh Bass,USA,,,,,,,
Singh Daizy,IND,0,1,0,0,0,0,0
Singh Hardeep,IND,0,1,0,0,0,0,1
Singh Inderpaal,IND,0,2,0,0,1,0,1
Singh Jaideep,IND,2,3,0,2,1,0,0
Singh Kiran,IND,0,1,0,0,0,0,0
Singh Michael,IND,0,1,0,0,0,0,1
Singh Pushpender,IND,0,2,0,0,0,0,2
Singh Ritika,IND,0,1,0,0,1,0,0
Singh Meena Rajinder,IND,0,3,0,0,2,0,1
Singh Sahota Kierandip,IND,0,1,0,0,0,0,0
Singh Sekhon Kuldeep,IND,0,1,0,0,1,0,0
Singh Shergill Gurdeep,IND,0,1,0,0,0,0,0
Singh-Sidhu Steve,IND,0,1,0,0,1,0,0
Singleton Trey,IND,0,1,0,0,0,0,1
Singley Blake,IND,0,1,0,0,1,0,0
Singmanasak Manopnoi,IND,0,1,0,0,0,0,1
Sinica Raimondas,LTU,0,1,0,0,1,0,0
Sinistro Thiago,LTU,0,1,0,0,1,0,0
Sink Jason,LTU,0,1,0,0,1,0,0
Sinn Shannon,USA,3,6,0,0,0,1,2
Sinnett Jeff,USA,,,,,,,
Sinosic Elvis,AUS,1,6,0,0,4,1,0
Sintic Marko,AUS,0,2,0,0,1,0,1
Sinulingga Paulus,AUS,0,1,0,0,0,0,1
Sinyaev Sergey,RUS,0,1,0,0,1,0,0
Sinyapkin Egor,RUS,0,1,0,0,0,0,0
Sipe Mitchell,USA,4,1,0,3,1,0,0
Siqueira Diego,BRA,0,1,0,0,1,0,0
Siqueira Edivaldo,BRA,0,1,0,0,1,0,0
Siqueira Gabriel,BRA,0,1,0,0,0,0,1
Siqueira Gian,BRA,1,0,0,0,0,0,0
Siraj Jamie,CAN,0,1,0,0,0,0,1
Sirbu Mihail,CAN,0,1,0,0,1,0,0
Siregar Elipitua,CAN,0,1,0,0,1,0,0
Sirenko Grigoriy,RUS,0,1,0,0,0,0,1
Sirganis Giannis,GRE,0,1,0,0,0,0,0
Siroky Jan,CZE,0,1,0,0,1,0,0
Sirotkin Andrey,CZE,0,1,0,0,0,0,1
Siscoe AJ,CZE,0,0,0,0,0,0,0
Sismundo Mario,CZE,0,3,0,0,2,0,1
Sisson Kyna,CZE,0,2,0,0,1,0,0
Sitalo Alexander,UKR,0,1,0,0,1,0,0
Sitenkov Artemji,LTU,2,3,0,0,1,2,1
Sithoar Yokthai,LTU,0,2,0,0,0,0,2
Sitsler Ken,LTU,0,2,0,0,1,0,1
Sitter Annika,LTU,0,1,0,0,1,0,0
Sityodtong Chavalit,LTU,1,0,0,1,0,0,0
Sitzes Jeri,LTU,1,0,0,1,0,0,0
Siu Vincent,HKG,0,1,0,0,1,0,0
Siva dos Anjos Guilherme,BRA,2,0,0,0,0,1,0
Sivell Sean,BRA,0,1,0,0,1,0,0
Siver Dennis,GER,,,,5,3,9,5
Siwy Grzegorz,POL,0,2,0,0,2,0,0
Sixel Armando,POL,0,4,0,0,2,0,1
Siyimuke Siyimuke,POL,0,1,0,0,0,0,1
Siza Gomes Ketlen Vanessa,BRA,0,1,0,0,0,0,1
Sizeland Brett,ENG,1,0,0,0,0,1,0
Sizemore Paul,ENG,0,1,0,0,1,0,0
Sizemore William,USA,1,0,0,0,0,1,0
Sjafiroeddin Kyle,USA,4,5,0,0,1,4,4
Skakun Evgeniy,USA,0,1,0,0,1,0,0
Skalik Marcin,USA,0,1,0,0,0,0,1
Skalnik Ondrej,CZE,0,1,0,0,0,0,1
Skancke Thor,USA,1,3,0,1,2,0,1
Skarbek Maciej,USA,0,1,0,0,0,0,1
Skarzynski Damian,USA,0,1,0,0,0,0,0
Skelly Chas,USA,,,,3,1,,
Skelton Matt,USA,0,1,0,0,0,0,1
Skiba AJ,USA,0,1,0,0,0,0,1
Skiba Mike,USA,0,1,0,0,0,0,1
Skiba Romans,LAT,0,2,0,0,1,0,0
Skibicki Matthew,LAT,4,4,0,1,1,0,2
Skibinski Daniel,POL,3,2,0,1,1,0,0
Skibinski Rafal,POL,0,1,0,0,1,0,0
Skibski Lukasz,POL,0,1,0,0,1,0,0
Skidmore Cody,POL,0,1,0,0,1,0,0
Skidmore Tim,POL,0,2,0,0,2,0,0
Skinner Antoine,POL,0,3,0,0,0,0,3
Skinner Craig,POL,0,1,0,0,0,0,1
Skinner Michael,POL,0,1,0,0,1,0,0
Skinner Monte,POL,0,1,0,0,0,0,1
Skinner Stephanie,POL,4,7,0,2,3,1,3
Skinner Zach,POL,1,6,0,0,2,0,0
Skipper Marvin,USA,0,2,0,0,2,0,0
Skipwith Whata Leka,USA,0,1,0,0,1,0,0
Sklavos Czar,USA,,,,0,0,9,0
Skliaudys Darius,USA,1,0,2,0,0,0,0
Skoch Stephen,USA,0,1,0,0,1,0,0
Skoglund Chris,USA,0,1,0,0,0,0,1
Skold Simon,USA,0,1,0,0,1,0,0
Skondric Ilja,SVK,0,2,0,0,2,0,0
Skopljak Ivo,BIH,0,2,0,0,1,0,1
Skorick Joseph,BIH,0,1,0,0,0,0,1
Skorzik Christian,GER,1,0,0,0,0,0,0
Skouloudis Giorgos,GER,0,1,0,0,1,0,0
Skouras Rafael,GRE,0,1,0,0,0,0,1
Skrelya Konstantin,GRE,0,1,0,0,1,0,0
Skrivers Edgars,LAT,1,3,0,0,0,0,1
Skrober Maurice,LAT,0,1,0,0,1,0,0
Skrzat Steve,USA,0,7,0,0,5,0,0
Skrzypczak Robert,USA,0,1,0,0,1,0,0
Skujins Robert,LAT,1,1,0,0,1,0,0
Skupien Adam,LAT,0,1,0,0,1,0,0
Slade Robbie,USA,2,0,0,0,0,1,0
Slater Frankie,USA,0,1,0,0,0,0,1
Slater Sam,IRL,0,1,0,0,1,0,0
Slaton Kenyon,IRL,0,2,0,0,1,0,0
Slaton Rick,IRL,0,2,0,0,2,0,0
Slatten Jill,IRL,0,1,0,0,0,0,1
Slawinski Adam,IRL,0,1,0,0,1,0,0
Sledzion Mike,IRL,1,1,0,1,1,0,0
Sleeman Brian,IRL,0,2,0,0,0,0,2
Sleepers Rodney,IRL,0,2,0,0,1,0,0
Slepetis Nerijus,IRL,0,1,0,0,0,0,1
Slepowronski Oskar,IRL,0,1,0,0,1,0,0
Slicer Alex,IRL,0,1,0,0,1,0,0
Slick Joe,IRL,2,2,0,1,1,1,1
Slioa Frantz,IRL,5,0,0,1,0,2,0
Sliusarchuk Igor,IRL,1,5,0,1,2,0,2
Sliwowski Daniel,IRL,0,1,0,0,0,0,1
Sloan Craig,IRL,0,1,0,0,0,0,0
Sloan Franklin,IRL,0,2,0,0,1,0,0
Sloan Ray,USA,8,1,0,0,0,6,0
Sloane Jamie,ENG,5,3,0,4,3,1,0
Slobodian Ustym,ENG,0,1,0,0,0,0,0
Sloboh Kendrick,ENG,0,1,0,0,0,0,1
Slocum Andrew,ENG,0,1,0,0,1,0,0
Slodkiewicz Radoslaw,ENG,0,1,0,0,1,0,0
Slomczynski Mikael,ENG,0,1,0,0,0,0,1
Slonskiy Evgeniy,ENG,0,1,0,0,0,0,0
Slowinski Paul,ENG,0,2,0,0,1,0,1
Slusakowicz Stanislaw,ENG,0,1,0,0,0,0,1
Smaczniak Malgorzata,ENG,0,1,0,0,0,0,0
Smailis Grazhuydas,ENG,1,0,0,0,0,1,0
Smajlovic Emir,ENG,0,2,0,0,1,0,1
Small Gregg,ENG,0,1,0,0,1,0,0
Small Jeremy,USA,0,1,0,0,0,0,1
Smallman Marco,USA,1,2,0,0,0,0,2
Smalls Willie,USA,0,6,0,0,0,0,6
Smallwood Bill,USA,0,5,0,0,2,0,3
Smart Edwin,USA,0,2,0,0,2,0,0
Smerdelj Jure,USA,0,1,0,0,0,0,0
Smetana Keith,USA,0,2,0,0,2,0,0
Smetanik Vladimir,USA,0,1,0,0,1,0,0
Smetankova Lenka,USA,0,2,0,0,2,0,0
Smidt Josh,USA,0,2,0,0,1,0,1
Smiley Justin,USA,1,0,0,0,0,1,0
Smiley Nick,USA,0,1,0,0,1,0,0
Smirnov Artur,USA,0,1,0,0,0,0,0
Smirnov Jevgeni,USA,1,0,0,1,0,0,0
Smirnov Viktor,USA,0,2,0,0,2,0,0
Smirnov Vitaly,USA,0,1,0,0,0,0,0
Smirnova Anna,USA,0,2,0,0,0,0,2
Smirnovas Kestutis,USA,1,3,0,1,2,0,1
Smirnovas Mindaugas,USA,0,3,1,0,1,0,2
Smith Aaron,USA,0,2,0,0,0,0,2
Smith Adam,USA,0,4,0,0,1,0,2
Smith Akira,USA,1,3,0,0,1,0,0
Smith Alexander,USA,0,1,0,0,1,0,0
Smith Allen,USA,1,1,0,0,0,1,0
Smith Anthony,USA,0,5,0,0,3,0,2
Smith Anthony,USA,,,,,,,
Smith Anthony,USA,1,1,0,1,0,0,1
Smith Antoine,USA,0,3,0,0,1,0,0
Smith Ashley,USA,0,2,0,0,0,0,0
Smith Ben,USA,0,2,0,0,0,0,2
Smith Benjamin,USA,,,,4,1,2,4
Smith Blake,USA,0,2,0,0,0,0,1
Smith Bo,USA,0,1,0,0,1,0,0
Smith Braden,USA,9,4,0,2,2,7,0
Smith Braxton,USA,0,1,0,0,1,0,0
Smith Brianna,USA,0,3,0,0,0,0,3
Smith Brock,USA,0,1,0,0,0,0,0
Smith Chad,USA,0,1,0,0,0,0,1
Smith Christopher,USA,0,1,0,0,1,0,0
Smith Cole,CAN,7,2,0,2,0,3,0
Smith Colten,CAN,0,1,0,0,0,0,0
Smith Colton,USA,7,5,0,1,2,2,2
Smith Craig,USA,,,,,,,
Smith Darrell,USA,1,6,0,0,1,0,5
Smith David,USA,,,,,,,
Smith David,USA,2,1,0,2,0,0,0
Smith Derek,USA,2,3,0,1,0,1,2
Smith Devonte,USA,,,,,,1,0
Smith Dillon,USA,1,0,0,0,0,1,0
Smith DJ,USA,1,0,0,0,0,0,0
Smith Dustin,USA,0,1,0,0,0,0,1
Smith Dylan,USA,,,,2,1,8,3
Smith Ed,USA,0,2,0,0,0,0,1
Smith Edward,USA,0,2,0,0,0,0,2
Smith Eric,USA,6,3,0,1,1,4,2
Smith Eric,USA,1,1,0,0,0,0,1
Smith Eric,USA,0,1,0,0,0,0,1
Smith Evalina,USA,0,1,0,0,1,0,0
Smith Fernando,USA,0,1,0,0,1,0,0
Smith George,USA,0,2,0,0,2,0,0
Smith Gilbert,USA,,,,1,0,8,1
Smith Guillermo,MEX,0,2,0,0,1,0,1
Smith Igor,MEX,0,1,0,0,0,0,1
Smith Jake,USA,7,4,0,5,1,0,2
Smith James,USA,0,3,0,0,0,0,3
Smith Jaymie,USA,0,1,0,0,1,0,0
Smith Jeff,USA,,,,0,0,8,1
Smith Jeremy,RSA,2,2,0,0,1,1,1
Smith Jerome,RSA,0,3,0,0,0,0,2
Smith Jimmy,RSA,0,1,0,0,0,0,1
Smith Jimmy,RSA,0,0,0,0,0,0,0
Smith Joey,RSA,0,1,0,0,0,0,1
Smith John,RSA,0,1,0,0,1,0,0
Smith Jonathan,RSA,0,3,0,0,2,0,1
Smith Jordan,USA,4,6,1,1,1,2,0
Smith Josh,USA,9,6,0,3,0,4,2
Smith Josh,USA,0,1,0,0,0,0,0
Smith Josh,USA,0,4,0,0,0,0,3
Smith Joshua,USA,1,1,0,0,0,0,0
Smith Justice,USA,0,1,0,0,1,0,0
Smith Keohu,USA,0,1,0,0,1,0,0
Smith Kevin,USA,0,1,0,0,0,0,0
Smith Len,USA,1,0,0,0,0,0,0
Smith Leslie,USA,,,,5,3,0,0
Smith Linzy,USA,1,0,0,0,0,0,0
Smith Luke,USA,0,1,0,0,0,0,1
Smith Malcolm,USA,0,1,0,0,0,0,1
Smith Mark,USA,,,,,,,
Smith Mark,USA,0,3,0,0,2,0,1
Smith Mark,USA,,,,,,,
Smith Marquis,USA,0,2,0,0,1,0,0
Smith Matthew,USA,1,2,0,0,0,0,2
Smith Maurice,USA,6,7,0,1,0,3,2
Smith Max,USA,0,1,0,0,0,0,1
Smith Mikael,USA,0,1,0,0,1,0,0
Smith Mike,USA,0,2,0,0,0,0,1
Smith Nate,USA,6,2,0,1,0,3,1
Smith Niall,NIR,1,5,0,1,2,0,1
Smith Nicole,NIR,0,1,0,0,1,0,0
Smith Nikki,USA,1,1,0,0,0,1,1
Smith Orlean,USA,0,1,0,0,1,0,0
Smith Orleans,USA,0,1,0,0,1,0,0
Smith Orville,USA,1,0,0,0,0,0,0
Smith Patrick Trey,USA,4,3,0,1,2,3,1
Smith Rachael,USA,0,1,0,0,0,0,0
Smith Rachael,USA,0,1,0,0,0,0,1
Smith Randy,USA,1,8,1,0,3,0,3
Smith Raphael,USA,0,0,0,0,0,0,0
Smith Richard,USA,0,1,0,0,0,0,1
Smith Rob,USA,0,4,0,0,2,0,1
Smith Ryan,USA,0,1,0,0,0,0,0
Smith Samantha,USA,0,2,0,0,0,0,2
Smith Scott,USA,,,,,,3,4
Smith Scotty,USA,0,1,0,0,1,0,0
Smith Shad,USA,,,,0,5,2,2
Smith Sheldon,USA,0,1,0,0,0,0,1
Smith Sinjen,USA,2,0,0,0,0,1,0
Smith Steve,USA,0,2,0,0,0,0,1
Smith Suzy,USA,0,1,0,0,1,0,0
Smith Tim,USA,0,4,0,0,2,0,2
Smith Tracy,USA,0,1,0,0,1,0,0
Smith Tramain,USA,0,5,0,0,4,0,1
Smith Travis,USA,0,1,0,0,0,0,1
Smith Trevor,USA,,,,1,5,9,1
Smith Tyler,USA,0,5,0,0,4,0,1
Smith Tyler,USA,0,0,0,0,0,0,0
Smith Tyson,USA,0,1,0,0,0,0,1
Smith Warren,USA,1,4,0,1,2,0,0
Smith Will,USA,3,4,0,1,2,0,0
Smith Zakk,USA,0,4,0,0,2,0,2
Smith Jr. Darren,USA,3,4,0,2,2,0,0
Smith Portee L.J.,USA,0,1,0,0,1,0,0
Smith-Cotito Walter,USA,4,5,0,0,1,2,1
Smitley Justin,USA,,,,0,6,4,0
Smoldarev Denis,EST,,,,4,2,4,2
Smoliakov Dmitrii,RUS,9,3,0,4,2,5,1
Smolin Oleg,UKR,0,1,0,0,0,0,1
Smolinski Mark,UKR,0,1,0,0,1,0,0
Smolka Louis,USA,,,,8,1,7,3
Smolyakov Maxim,USA,0,1,0,0,1,0,0
Smotritsky Shimon,ISR,7,1,0,3,0,1,1
Smoyan Gocha,ISR,0,5,0,0,2,0,0
Smullen Richie,IRL,5,2,1,1,0,3,1
Smulski Adam,IRL,0,1,0,0,0,0,1
Smykowski Tomek,IRL,0,2,0,0,0,0,2
Smyth David,IRL,2,0,0,1,0,0,0
Smyth Devin,USA,9,3,0,1,1,5,0
Snead Les,USA,0,0,0,0,0,0,0
Sneed Wendell,USA,0,1,0,0,0,0,0
Snell Bruce,USA,,,,,,,
Snider Chip,USA,,,,,,,
Snodgrass Josh,USA,0,1,0,0,0,0,1
Snook Adam,USA,0,1,0,0,0,0,1
Snook Preston,USA,2,1,0,0,0,2,1
Snow Lance,USA,0,2,0,0,0,0,2
Snow Shawn,USA,0,2,0,0,0,0,2
Snyder Ben,CAN,0,1,0,0,1,0,0
Snyder Erick,CAN,0,3,0,0,3,0,0
Snyder Jake,CAN,0,1,0,0,1,0,0
Snyder Rob,CAN,0,1,0,0,0,0,1
Snyder Tim,CAN,3,5,0,0,2,0,2
So Jae Hyun,SKO,1,7,0,0,3,0,1
So Tatsuya,SKO,1,3,0,0,1,0,1
Soares Alex,SKO,1,1,0,0,0,0,0
Soares Andre,SKO,0,1,0,0,0,0,0
Soares Andres,SKO,0,1,0,0,0,0,0
Soares Carlos,BRA,0,2,0,0,0,0,2
Soares Eder,BRA,0,1,0,0,0,0,1
Soares Eli,BRA,1,0,0,0,0,0,0
Soares Fabricio,BRA,0,1,0,0,0,0,0
Soares Fernando,POR,0,1,0,0,1,0,0
Soares Francisco,POR,1,2,0,0,2,1,0
Soares Igor,BRA,1,1,0,0,0,0,0
Soares Jairo,BRA,0,1,0,0,0,0,0
Soares Janaina,BRA,0,1,0,0,1,0,0
Soares Jason,USA,,,,3,0,9,0
Soares Joao Claudio,USA,,,,,,,
Soares Jose Carlos,BRA,0,3,0,0,0,0,2
Soares Jose Vagno,BRA,0,1,0,0,1,0,0
Soares Julian Fabrin,BRA,0,6,0,0,3,0,2
Soares Leandro,BRA,0,1,0,0,0,0,0
Soares Marcio,BRA,0,1,0,0,0,0,0
Soares Marcio,BRA,0,1,0,0,0,0,1
Soares Margarete,BRA,0,1,0,0,0,0,1
Soares Patrick,BRA,0,1,0,0,1,0,0
Soares Sergio,BRA,0,4,0,0,1,0,2
Soares Wellington,BRA,0,1,0,0,1,0,0
Soares Willian Elias,BRA,0,1,0,0,1,0,0
Soares Costa Talison,BRA,,,,2,0,7,2
Soares da Rocha Francivaldo,BRA,0,1,0,0,0,0,1
Soares Lobato Bruno Leandro,BRA,2,2,0,0,0,0,2
Sobanov Alan,RUS,0,1,0,0,1,0,0
Sobczyk Agnieszka,RUS,0,1,0,0,1,0,0
Sobczyk Wiktor,POL,1,4,0,0,3,0,0
Sobek Karolina,POL,1,0,0,0,0,1,0
Sobiech Michal,POL,1,0,0,1,0,0,0
Sobiepan Lukasz,POL,0,1,0,0,0,0,0
Sobirov Fatkhidin,TJK,1,1,0,0,0,1,0
Sobolev Denis,TJK,0,2,0,0,0,0,2
Sobota Piotr,TJK,0,1,0,0,0,0,1
Sobotka Stanislav,TJK,0,1,0,0,1,0,0
Sobotta Peter,GER,,,,5,2,,
Sobral Nelson,GER,0,2,0,0,1,0,1
Sobral Rafael,GER,0,2,0,0,1,0,0
Sobral Renato,BRA,,,,5,7,,
Sobrinho Wellen Taynara,BRA,0,2,0,0,1,0,1
Socholotiuk Matt,BRA,0,1,0,0,0,0,1
Social Andy,BRA,0,1,0,0,0,0,1
Socorro da Silva Ricardo,BRA,0,2,0,0,0,0,1
Sodnomdorj Sukhbold,MGL,0,1,0,0,1,0,0
Soft Ryan,MGL,0,1,0,0,0,0,1
Sogla Keith,MGL,0,1,0,0,1,0,0
Sohib Radjabov,MGL,0,1,0,0,0,0,1
Soidrou Hassani,MGL,0,1,0,0,0,0,1
Soileau Paul,MGL,0,1,0,0,0,0,1
Sojot Trevor,USA,0,1,0,0,0,0,1
Sokha Evgeny,USA,0,1,0,0,0,0,1
Sokha Sergey,USA,0,5,0,0,1,0,3
Sokolis Nikos,USA,1,5,0,0,2,1,2
Sokolov Sergei,UKR,0,1,0,0,0,0,1
Sokolowski Tanek,USA,0,2,0,0,1,0,1
Sokonater Trevor,USA,0,1,0,0,0,0,1
Sokoudjou Rameau Thierry,CMR,,,,,,1,2
Sokov Dmitry,CMR,0,1,0,0,1,0,0
Sokulski Konrad,CMR,0,1,0,0,0,0,1
Sola Jonathan,CMR,0,1,0,0,1,0,0
Solano Rodriguez Alejandro,CMR,3,4,0,1,0,2,3
Solarin Kashiff,USA,0,8,0,0,1,0,5
Solc Martin,USA,0,3,0,0,2,0,1
Soldado Odilon,USA,0,1,0,0,1,0,0
Soldado Rafael,USA,0,1,0,0,0,0,1
Soldatov Konstantin,USA,0,1,0,0,1,0,0
Soldi Roberto,BIH,,,,,,1,0
Solecki Joe,USA,,,,1,1,7,0
Solek Todd,USA,0,2,0,0,0,0,2
Soler Dimitri,USA,0,1,0,0,1,0,0
Solis Francisco,USA,0,1,0,0,1,0,0
Solis Henry,USA,1,0,0,1,0,0,0
Solis Joe,USA,,,,,,,
Solis Josh,USA,0,2,0,0,1,0,1
Solis Morgan,USA,1,0,0,1,0,0,0
Solis Shawn,USA,0,2,0,0,2,0,0
Soliven C.J.,USA,0,1,0,0,0,0,1
Soliz Jason,USA,0,1,0,0,0,0,0
Soliz Joe,USA,,,,,,,
Soliz John,USA,0,1,0,0,0,0,1
Soliz Sean,USA,0,1,0,0,1,0,0
Solli Nicolo,USA,4,1,0,1,0,2,0
Solodovnik Levan,USA,0,1,0,0,0,0,1
Solomon Taylor,USA,0,4,0,0,0,0,2
Solorio Evan,USA,0,1,0,0,1,0,0
Solorio Gabriel,USA,2,5,0,0,1,0,2
Solorio Willy,USA,0,0,0,0,0,0,0
Solorzano Alejandro,USA,9,2,0,7,0,0,0
Soltanov Sanan,USA,0,1,0,0,0,0,1
Soltero Jr. Santa Cruz,USA,0,2,0,0,1,0,1
Soltesz Laszlo,USA,0,3,0,0,3,0,0
Solto Coruja Rodrigo,USA,0,1,0,0,0,0,0
Soltz Mike,USA,0,1,0,0,1,0,0
Somchay Bounmy,USA,0,4,0,0,1,0,3
Somdet Rambaa,USA,1,2,0,0,0,0,0
Somerfeld Oskar,POL,0,1,0,0,0,0,1
Sommer Erik,POL,0,1,0,0,1,0,0
Sommereisen Sylvain,POL,0,1,0,0,1,0,0
Son Fanjin,POL,0,1,0,0,1,0,0
Son Hyae Suk,SKO,4,5,0,4,3,0,1
Son Joe,SKO,0,1,0,0,0,0,1
Son Max,SKO,0,1,0,0,0,0,1
Son Seong Won,SKO,0,1,0,0,0,0,0
Son Sung Won,SKO,1,1,0,0,0,0,0
Son Le Binh,SWE,1,1,0,0,0,0,0
Sonbola Ali,LIB,0,1,0,0,1,0,0
Sone Kazuma,JPN,0,2,0,0,0,0,1
Sone Tomas,JPN,0,1,0,0,0,0,1
Song Chang-Hyun,SKO,0,1,0,0,0,0,1
Song Min Jong,SKO,8,7,0,1,1,2,1
Song Na-Young,SKO,0,1,0,0,0,0,0
Song Paul,SKO,0,2,0,0,0,0,2
Song Shuai,SKO,0,1,0,0,0,0,0
Song Un Sik,SKO,0,1,0,0,1,0,0
Song Yobie,SKO,0,1,0,0,1,0,0
Songaben Denver,PHI,0,1,0,0,1,0,0
Sonier Doug,PHI,0,3,0,0,1,0,2
Sonnen Chael,USA,,,,7,7,5,9
Sonntag Annett,USA,0,1,0,0,1,0,0
Sonquit Ronel,USA,0,1,0,0,0,0,1
Sons Cody,USA,0,3,0,0,3,0,0
Soo Lee Eun,USA,0,1,0,0,0,0,0
Soo Son Jin,KOR,9,4,0,4,0,2,0
Soos Adam,KOR,0,1,0,0,0,0,1
Soos Tibor,KOR,0,2,0,0,1,0,1
Sootho Schyler,USA,0,1,0,0,0,0,0
Sopi Dale,USA,6,4,0,4,0,0,1
Sor Taehiran Chommanee,USA,0,0,0,0,0,0,0
Soraluz Andrea,USA,0,1,0,0,1,0,0
Sorani Rashid,USA,0,1,0,0,0,0,1
Sorber Tiffany,USA,,,,,,,
Sorci Yuki,USA,0,1,0,0,0,0,0
Sordi Emiliano,ARG,,,,,,6,4
Sorel Yvan,ARG,0,2,0,0,0,0,2
Sorenson Mike,ARG,0,1,0,0,1,0,0
Sorenson Pam,USA,9,4,0,1,0,1,1
Sorg Nick,USA,0,5,0,0,0,0,3
Sorhenlindo Guenael,FRA,0,1,0,0,0,0,0
Soria Rodrigo,FRA,0,1,0,0,0,0,1
Soriano Bernard,FRA,0,1,0,0,0,0,1
Soriano Punahele,USA,8,1,0,5,0,2,0
Soriano Sean,USA,,,,7,1,4,5
Sormova Magdalena,CZE,9,2,0,2,0,5,1
Soro Ottavio,CZE,1,0,0,1,0,0,0
Soroka Maksym,CZE,0,2,0,0,1,0,1
Sorpantrey Chandet,CZE,0,1,0,0,0,0,1
Sorrell Chris,CZE,0,1,0,0,1,0,0
Sos Tibor,CZE,0,1,0,0,1,0,0
Sosa Andrew,CZE,0,3,0,0,1,0,1
Sosa Freddy,USA,0,1,0,0,1,0,0
Sosa Mauricio,USA,0,1,0,0,1,0,0
Sosa Oscar,USA,1,0,0,0,0,1,0
Sosa Raul,USA,0,1,0,0,1,0,0
Sosa Tim,USA,3,3,0,1,0,0,1
Sosa Campi Matias,USA,0,2,0,0,1,0,1
Sosnovskiy Dmitry,RUS,,,,6,0,3,0
Sosnowski Maciej,RUS,0,1,0,0,0,0,1
Sosoli Ben,AUS,7,3,0,6,1,0,0
Sosoli Brandon,AUS,0,2,0,0,2,0,0
Soszynski Krzysztof,POL,,,,,,9,1
Sotack Jessica,USA,1,2,1,1,1,0,0
Sotello Sam,USA,1,0,0,0,0,1,0
Sotelo Amos,USA,2,2,0,0,0,1,2
Sotelo J.R.,USA,0,1,0,0,0,0,1
Sotelo Rodrigo,USA,0,2,0,0,0,0,1
Sotero Diogo,BRA,0,1,0,0,0,0,0
Sotes Ivan,BRA,0,1,0,0,1,0,0
Sotiropoulos George,AUS,,,,1,2,8,0
Sotnikov Alexey,AUS,0,1,0,0,0,0,1
Soto Alex,USA,1,3,0,0,1,0,0
Soto Daniel,USA,0,1,0,0,0,0,1
Soto Denisse,MEX,0,1,0,0,0,0,1
Soto Eric,MEX,1,0,0,0,0,1,0
Soto Esteban,USA,0,1,0,0,1,0,0
Soto Greg,USA,9,3,0,2,1,4,1
Soto Hugo,USA,0,1,0,0,1,0,0
Soto Joe,USA,,,,5,4,,
Soto Johnny,USA,4,2,0,1,1,2,0
Soto Jose,USA,1,1,0,0,0,0,0
Soto Marco,USA,0,1,0,0,1,0,0
Soto Mario,USA,6,2,0,1,0,5,1
Soto Thomas,USA,1,1,0,0,1,1,0
Soto Valerie,USA,0,1,0,0,0,0,0
Soto Sevilla Cristian,USA,0,1,0,0,0,0,0
Sotoyama Shinpei,JPN,0,0,1,0,0,0,0
Sotter Ryan,JPN,0,1,0,0,0,0,1
Souane Abdul Kader,JPN,0,1,0,0,0,0,1
Soucie Jeff,JPN,0,1,0,0,0,0,1
Soukhamthath Andre,USA,,,,8,0,3,0
Soukupova Simona,ENG,5,6,1,3,0,2,0
Soule Gabriel,ARG,0,1,0,0,0,0,1
Soumare Mahamadou,ARG,0,1,0,0,0,0,1
Sousa Erika,ARG,0,1,0,0,0,0,0
Sousa Jeferson,ARG,0,1,0,0,1,0,0
Sousa Jose Ivanildo Lopes,ARG,1,2,0,0,0,1,0
Sousa Luciene,ARG,0,1,0,0,0,0,0
Sousa Mario,BRA,,,,7,1,4,0
Sousa Tony,BRA,0,2,0,0,1,0,1
South Jason,USA,,,,1,1,9,0
Southern Kurt,CAN,,,,2,0,8,6
Southworth Bobby,CAN,3,4,0,0,2,1,1
Souto Bruce,BRA,,,,3,0,3,1
Souwer Andy,NED,1,2,0,1,0,0,2
Souza Alfredo,BRA,0,1,0,0,0,0,0
Souza Ari,BRA,0,1,0,0,1,0,0
Souza Ariane Cristina,BRA,0,2,0,0,1,0,1
Souza Arielle,BRA,0,2,0,0,1,0,0
Souza Arivaldo,BRA,0,1,0,0,1,0,0
Souza Bruno,BRA,,,,1,0,2,0
Souza Charles Michael,BRA,0,1,0,0,0,0,1
Souza Claudemir,BRA,0,2,0,0,2,0,0
Souza Cristiano,BRA,0,3,0,0,1,0,2
Souza Cristiano,BRA,7,1,0,3,1,3,0
Souza Cristiano,BRA,1,0,0,1,0,0,0
Souza Cyrlania,BRA,0,1,0,0,0,0,1
Souza Daniela,BRA,0,1,0,0,0,0,1
Souza Danilo,BRA,0,2,0,0,0,0,0
Souza Dayane,BRA,0,1,0,0,0,0,0
Souza Dioginis,BRA,0,1,0,0,0,0,0
Souza Edimilson,BRA,,,,,,1,4
Souza Edvan,BRA,0,4,0,0,3,0,1
Souza Emerson,BRA,0,1,0,0,0,0,0
Souza Eneas,BRA,0,1,0,0,0,0,1
Souza Everaldo,BRA,1,0,0,0,0,0,0
Souza Everton,BRA,0,1,0,0,1,0,0
Souza Guilherme,BRA,0,1,0,0,1,0,0
Souza Hemerson,BRA,0,1,0,0,0,0,0
Souza Ismael,BRA,0,1,0,0,1,0,0
Souza Jacare,BRA,,,,8,4,,
Souza Joao,BRA,0,1,0,0,1,0,0
Souza Josue Junior,BRA,0,1,0,0,0,0,1
Souza Ketlen,BRA,0,1,0,0,1,0,0
Souza Leandro,BRA,0,2,0,0,2,0,0
Souza Livinha,BRA,,,,2,1,8,0
Souza Magno,BRA,0,1,0,0,1,0,0
Souza Marcelo,BRA,0,1,0,0,0,0,1
Souza Marcos,BRA,1,0,0,0,0,0,0
Souza Marlon,BRA,0,1,0,0,1,0,0
Souza Marta,BRA,0,7,0,0,3,0,2
Souza Pabulo Vitor,BRA,0,1,0,0,0,0,1
Souza Pedro,BRA,,,,4,0,8,0
Souza Rafael,BRA,0,5,0,0,2,0,2
Souza Rafael,BRA,0,0,0,0,0,0,0
Souza Renato,BRA,0,1,0,0,0,0,0
Souza Rodrigo,BRA,0,2,0,0,1,0,1
Souza Roggers,BRA,0,1,0,0,1,0,0
Souza Ronirley,BRA,0,1,0,0,0,0,0
Souza Sean,BRA,0,1,0,0,1,0,0
Souza Sergio,BRA,1,7,0,1,4,0,2
Souza Tamires,BRA,0,1,0,0,0,0,1
Souza Thaiane,BRA,0,1,0,0,0,0,1
Souza Thais,BRA,0,2,0,0,0,0,1
Souza Walx,BRA,0,1,0,0,0,0,1
Souza Wesley,BRA,0,1,0,0,0,0,0
Souza Baliero Evandro,BRA,0,1,0,0,0,0,1
Souza dos Santos Wildemar Matheus,BRA,0,1,0,0,0,0,0
Souza Lima Maykson,BRA,0,1,0,0,0,0,0
Souza Patrocinio Luiz Fernandes,BRA,0,1,0,0,1,0,0
Souza Pereira Daniel,BRA,1,0,0,1,0,0,0
Souza Santos Anevilsson,BRA,0,1,0,0,1,0,0
Souza Torres Mylla,BRA,0,2,0,0,1,0,1
Sowell Chris,BRA,0,1,0,0,0,0,1
Sowinski Artur,POL,,,,8,2,7,4
Sowma Said,POL,8,2,0,5,1,1,0
Soysueren Murat,POL,0,1,0,0,0,0,1
Sozansky Chris,USA,0,1,0,0,1,0,0
Spadell Jr. Dave,USA,0,1,0,0,1,0,0
Spahovic Tomislav,GER,0,1,0,0,1,0,0
Spain Charon,USA,,,,1,4,0,8
Spalevic Bojan,USA,0,3,0,0,2,0,1
Spallitta Raffaele,ITA,1,6,0,0,2,0,2
Spang Andreas,SWE,9,3,0,3,1,3,1
Spang Chris,USA,5,3,0,3,1,1,0
Spann Ryan,USA,,,,5,3,,
Sparks Doug,USA,0,2,0,0,1,0,0
Sparks Jon,USA,0,1,0,0,1,0,0
Sparks Ken,USA,0,1,0,0,1,0,0
Sparks Ron,USA,8,3,0,6,2,1,1
Sparrow Brian,USA,0,1,0,0,0,0,0
Sparv Glenn,USA,2,5,0,2,2,0,0
Spasojevic Zoran,SER,0,1,0,0,1,0,0
Spataro Joseph,SER,0,1,0,0,0,0,1
Spatz Cassandra,SER,0,1,0,0,0,0,0
Spearman Greg,SER,0,1,0,0,0,0,0
Spearman Josh,SER,0,2,0,0,1,0,1
Spears Jonathan,SER,0,2,0,0,2,0,0
Spears Marquis,USA,0,1,0,0,0,0,1
Spears Mo,USA,0,1,0,0,0,0,1
Speck John,USA,0,1,0,0,1,0,0
Specq Nicolas,USA,0,2,0,0,0,0,2
Speer Tommy,USA,3,5,0,1,2,0,3
Speer Tommy,USA,1,1,0,1,1,0,0
Speight Patrick,USA,0,2,0,0,1,0,0
Spek Daniel,USA,0,1,0,0,1,0,0
Spelts Jeremy,USA,0,3,0,0,1,0,2
Spence Dudley,USA,0,2,0,0,2,0,0
Spence Nathan,CAN,0,2,0,0,0,0,2
Spence Randy,CAN,2,3,0,0,1,2,1
Spencer Felicia,CAN,9,3,0,3,0,4,0
Spencer Graham,CAN,,,,0,0,5,1
Spencer Horace,CAN,2,1,0,1,0,1,1
Spencer John,ENG,0,7,0,0,6,0,1
Spencer Luke,ENG,0,4,0,0,0,0,4
Spencer Mark,ENG,0,1,0,0,1,0,0
Spencer Matthew,USA,0,1,0,0,1,0,0
Spencer Rashaun,USA,,,,2,1,2,3
Spencer Sam,ENG,0,2,0,0,1,0,1
Spencer Sean,USA,,,,2,2,2,3
Spengler Sam,USA,2,3,0,1,2,0,0
Speranza Rafael,USA,0,1,0,0,0,0,0
Sperling Nick,USA,0,1,0,0,0,0,1
Sperry Mario,USA,4,3,0,3,2,1,0
Spicely Eric,USA,,,,4,4,6,2
Spicer Chris,USA,0,1,0,0,1,0,0
Spicer William,USA,0,2,0,0,1,0,1
Spichak Artem,BLR,0,1,0,0,1,0,0
Spicuzza Jimmy,USA,6,5,0,0,3,3,1
Spidle Will,USA,0,1,0,0,0,0,1
Spiegel Jerry,USA,2,7,0,1,4,1,2
Spiers Andy,USA,0,1,0,0,0,0,1
Spijkers Ben,USA,0,1,0,0,0,0,1
Spina Nick,USA,0,1,0,0,1,0,0
Spinghel Radu,USA,0,1,0,0,1,0,0
Spinola Wayne,USA,,,,,,,
Spiridonov Egor,USA,0,1,0,0,1,0,0
Spiritwolf Waachiim,USA,4,7,0,2,2,0,0
Spisak Matthew,USA,0,2,0,0,0,0,2
Spitz Daniel,USA,6,3,0,2,1,3,0
Spivac Serghei,MDA,,,,5,2,6,0
Spohn Dan,USA,,,,7,1,5,2
Spohn Nick,USA,0,0,0,0,0,0,0
Spong Tyrone,SUR,2,0,0,1,0,0,0
Spoon Jeremy,USA,,,,1,1,,
Spoon Jerod,USA,2,2,1,0,0,1,0
Spoon Roy,USA,0,0,0,0,0,0,0
Spooner Kory,USA,0,1,0,0,1,0,0
Spooner Shaun,USA,0,1,0,0,1,0,0
Spooneybarger Ed,USA,0,1,0,0,1,0,0
Spotwood Kinny,USA,0,1,0,0,0,0,1
Sprague Arjay,USA,0,1,0,0,0,0,1
Sprague Jordan,USA,0,1,0,0,1,0,0
Spratt Pete,USA,,,,5,1,5,1
Sprawl Dylan,USA,0,1,0,0,1,0,0
Sprayberry Nick,USA,0,1,0,0,0,0,0
Spring Neil,USA,0,1,0,0,0,0,1
Springer Austin,USA,,,,7,1,2,2
Sproat Eldon,USA,0,1,0,0,1,0,0
Sprouse Kyle,USA,0,2,0,0,0,0,2
Sprouse Thomas,USA,1,1,0,0,0,1,1
Spychalski Dan,USA,0,1,0,0,0,0,1
Squeti Christian,USA,0,2,0,0,0,0,1
Sredanovic Aleksander,NED,0,1,0,0,0,0,1
Srey Pov Nou,NED,0,1,0,0,1,0,0
Srisen Sunisa,NED,0,1,0,0,1,0,0
Sriyapai Williams,NED,0,2,0,0,1,0,1
St-Pierre Georges,CAN,,,,8,1,6,1
St. Clair Lucas,USA,0,2,0,0,0,0,2
St. Claire Lucas,USA,1,1,0,0,0,1,1
St. Jean Christopher,CAN,0,2,0,0,1,0,1
St. Louis Jason,CAN,1,2,0,1,0,0,2
St. Louis Kendly,USA,3,4,0,2,2,1,0
St. Pierre Eric,USA,0,3,0,0,2,0,1
Staader Rod,AUS,0,4,0,0,3,0,1
Stachera Jaroslaw,AUS,0,1,0,0,1,0,0
Stacho Peter,SVK,0,1,0,0,1,0,0
Stack Bobby,SVK,3,4,0,0,2,0,2
Stack Michael,USA,6,1,0,2,0,2,0
Stackhouse Ronald,USA,0,1,0,0,1,0,0
Stadler Derek,USA,0,1,0,0,0,0,1
Stadler Priscila,USA,0,1,0,0,0,0,1
Stafford Bradley,USA,0,1,0,0,0,0,1
Stafford Lamont,USA,0,5,0,0,1,0,4
Stafford Rich,USA,0,2,0,0,0,0,2
Stafin Jason,USA,,,,,,,
Stahl Andreas,SWE,,,,4,2,1,0
Staic Milos,SWE,0,1,0,0,1,0,0
Staley Solon,USA,0,3,0,0,0,0,0
Stallings Ron,USA,,,,6,3,6,1
Stallings Ron,USA,0,1,0,0,0,0,0
Stamann Cody,USA,,,,6,0,2,2
Stamatelos Ted,USA,0,1,0,0,0,0,1
Stambrauskas Rokas,USA,1,2,0,0,1,0,1
Stamey Randy,USA,0,1,0,0,0,0,1
Stamp Josh,USA,0,1,0,0,1,0,0
Stamp Nong,THA,8,1,0,3,0,2,1
Stamps Marcel,USA,0,1,0,0,0,0,1
Stan Florin,USA,0,1,0,0,0,0,0
Stanciu Cristina,ROM,5,3,0,1,1,3,1
Stanclik Tomasz,ROM,0,1,0,0,0,0,1
Stanco Dom,ROM,0,1,0,0,0,0,1
Standing Luke,ROM,0,1,0,0,1,0,0
Standing Trent,ROM,0,1,0,0,1,0,0
Stanev Krasimir,ROM,0,1,0,0,0,0,1
Stanfield Chris,ROM,0,1,0,0,0,0,1
Stanfield Dylan,ROM,0,1,0,0,1,0,0
Stanford Charles,ROM,0,2,0,0,1,0,0
Stanford James,ROM,0,1,0,0,0,0,1
Stanford Paris,ROM,0,1,0,0,0,0,0
Stanger Brady,ROM,0,1,0,0,1,0,0
Staniowski Joey,CAN,0,1,0,0,0,0,1
Stankovic Stefan,CAN,0,1,0,0,1,0,0
Stanley Christine,USA,5,3,1,4,0,0,1
Stann Brian,USA,,,,9,2,1,2
Stannerd Martin,USA,0,1,0,0,1,0,0
Stano Pat,USA,0,1,1,0,1,0,0
Stanojevic Dragoljub,USA,0,2,0,0,2,0,0
Stanonik Peter,USA,5,5,0,5,0,0,2
Stansbury Josh,USA,8,6,0,1,3,5,2
Stanton Bill,USA,0,1,0,0,0,0,1
Stanton Mick,ENG,7,6,0,2,1,1,3
Stapel Mario,ENG,0,4,0,0,2,0,0
Stapelton Doug,ENG,0,1,0,0,0,0,1
Stapleton Martin,ENG,,,,6,0,6,4
Stapp Scott,ENG,0,1,0,0,1,0,0
Staranko Pete,ENG,0,1,0,0,1,0,0
Starcencov Vladimir,ENG,1,1,0,1,1,0,0
Stargel Perry,ENG,0,1,0,0,0,0,0
Starikov Alexander,ENG,0,1,0,0,0,0,1
Staring Dion,NED,,,,,,8,5
Stark Aaron,NED,2,5,0,1,3,1,2
Stark Lucas,NED,0,1,0,0,0,0,1
Stark Nate,CAN,0,1,0,0,0,0,1
Starks Clifford,USA,,,,3,1,3,2
Starks Nick,USA,0,2,0,0,0,0,1
Starks William,USA,7,3,0,1,1,3,0
Starnes Kalib,CAN,,,,5,4,9,2
Starodubtsev Anatoly,RUS,0,1,0,0,0,0,1
Staropoli Laureano,ARG,9,5,0,5,1,2,0
Starovoitov Ivan,ARG,0,1,0,0,0,0,1
Starr Sybil,ARG,0,1,0,0,0,0,1
Startsev Vladimir,ARG,0,1,0,0,0,0,1
Stasiak Damian,POL,,,,1,1,8,0
Stastny Vaclav,POL,0,1,0,0,0,0,1
Statkiewicz Rafal,POL,0,1,0,0,0,0,1
Staton Luke,POL,0,1,0,0,1,0,0
Stautzenberger Amber,POL,3,3,0,0,0,1,2
Ste-Marie PJ,CAN,0,1,0,0,0,0,1
Steadman Aaron,CAN,0,2,0,0,1,0,1
Steans Eric,CAN,1,4,0,0,3,0,1
Steave Justin,USA,0,2,0,0,0,0,0
Stebbins Sean,USA,0,1,0,0,1,0,0
Stebuliauskas Matas,USA,0,1,0,0,1,0,0
Stedman Brandon,USA,0,1,0,0,0,0,1
Steele Aaron,USA,1,4,0,1,3,0,1
Steele Adam,USA,0,2,0,0,0,0,2
Steele Dominique,USA,,,,5,6,3,0
Steele Isaac,USA,4,2,0,1,0,2,2
Steele Justin,USA,0,1,0,0,1,0,0
Steele Lewis,USA,0,3,0,0,0,0,3
Steele Melissa,USA,0,1,0,0,1,0,0
Steele Ricky,USA,6,1,0,0,0,0,1
Steele Tyson,CAN,,,,2,0,7,2
Steele McCall James,CAN,1,1,0,0,1,1,0
Steen Todd,CAN,0,1,0,0,0,0,1
Steenberg Eric,CAN,0,1,0,0,0,0,1
Steer Jerald,CAN,0,1,0,0,1,0,0
Stefan Janosch,CAN,0,1,0,0,0,0,1
Stefano Alessandro,CAN,0,1,0,0,1,0,0
Stefanoski Dejan,CAN,0,1,0,0,0,0,1
Stefanovic Alexander,CAN,0,1,0,0,1,0,0
Stefanovic Uros,CAN,0,2,0,0,1,0,0
Stefanovic Vladimiros,GRE,0,1,0,0,1,0,0
Stefek Michal,SVK,0,1,0,0,0,0,1
Steffens Lyle,SVK,0,1,0,0,1,0,0
Stefko Erno,SVK,0,1,0,0,1,0,0
Stefkovski Alexander,MKD,0,1,0,0,0,0,1
Steinbeck Wolfgang,MKD,0,1,0,0,0,0,1
Steinbeiss Ray,MKD,2,6,0,0,0,2,4
Steinbeiss Steve,MKD,0,3,0,0,0,0,1
Steinberg Roman,MKD,0,1,0,0,1,0,0
Steinke Randy,USA,0,7,1,0,1,0,3
Steinmann Christoph,GER,0,1,0,0,1,0,0
Stell Dan,GER,,,,,,,
Stelliou Christina,GRE,0,1,0,0,1,0,0
Stelly James Damien,GRE,1,2,0,1,2,0,0
Steltenpool Bart,GRE,0,1,0,0,0,0,0
Stencil Jeff,GRE,0,1,0,0,0,0,1
Stengel Stephen,USA,1,2,0,0,2,1,0
Stenovich Daniel,USA,0,1,0,0,0,0,1
Stenzel Kristin,USA,0,1,0,0,0,0,1
Stepanenko Anton,UKR,0,1,0,0,1,0,0
Stepanov Alexey,UKR,0,2,0,0,1,0,1
Stepanov Dmitri,UKR,0,1,0,0,0,0,1
Stepanov Pavel,UKR,0,1,0,0,1,0,0
Stepanov Vladislav,UKR,0,3,0,0,0,0,3
Stepanyan Akop,ARM,,,,7,2,2,5
Stepanyan Armen,ARM,0,1,0,0,0,0,0
Stephen Aidan,SCT,1,3,0,0,1,0,2
Stephens Alex,USA,0,1,0,0,1,0,0
Stephens Ian,USA,1,0,0,0,0,0,0
Stephens Jeremy,USA,,,,,,2,4
Stephens Quinton,USA,0,1,0,0,1,0,0
Stephenson Alan,USA,1,2,0,1,1,0,1
Stephenson Jamie,USA,0,1,0,0,1,0,0
Stepic Hrvoje,CRO,0,1,0,0,1,0,0
Stepien Benedykt,CRO,0,1,0,0,0,0,0
Stepnik Adam,POL,0,1,0,0,1,0,0
Sterling Aljamain,USA,,,,2,1,8,0
Sterling Jason,USA,0,1,0,0,0,0,1
Stern Joe,USA,0,1,0,0,1,0,0
Stern John,USA,0,3,0,0,0,0,3
Sterritt Gavin,ENG,6,2,0,1,0,4,2
Stetefeld Dominique,ENG,0,3,0,0,0,0,3
Stettner Ricky,ENG,0,2,0,0,1,0,1
Stetz Jeremy,ENG,1,2,0,0,0,1,2
Stevens Anthony,ENG,0,2,0,0,1,0,1
Stevens Brent,ENG,0,1,0,0,0,0,1
Stevens Brett,ENG,0,1,0,0,0,0,1
Stevens Brian,USA,0,1,0,0,0,0,1
Stevens Cody,USA,2,8,0,0,1,1,1
Stevens Crystal,USA,0,1,0,0,1,0,0
Stevens Jeremy,USA,0,1,0,0,0,0,1
Stevens Joey,USA,0,1,0,0,0,0,1
Stevens Kenny,USA,0,2,0,0,1,0,0
Stevens Luke,USA,0,1,0,0,0,0,0
Stevens Marc,USA,,,,9,3,3,1
Stevens Mark,USA,0,1,0,0,1,0,0
Stevens Mike,USA,5,4,0,3,2,2,1
Stevens R.C.,USA,0,1,0,0,0,0,1
Stevens Steve,USA,0,1,0,0,1,0,0
Stevens-Milo Sam,USA,0,3,0,0,0,0,1
Stevenson Adam,SCT,0,1,0,0,0,0,0
Stevenson Joe,USA,,,,9,2,,
Stevenson Maia,USA,6,5,0,3,1,2,2
Stevenson Miguel,USA,0,1,0,0,1,0,0
Stevenson Shawn,USA,0,1,0,0,1,0,0
Steward Matt,USA,0,1,0,0,1,0,0
Stewardson Trevor,CAN,1,0,0,1,0,0,0
Stewart Alan,CAN,0,1,0,0,0,0,1
Stewart Ben,CAN,0,1,0,0,0,0,1
Stewart Brad,CAN,1,2,0,0,1,1,0
Stewart Cedric,CAN,0,2,0,0,0,0,1
Stewart Cromwell,CAN,0,1,0,0,0,0,1
Stewart Daniel,CAN,1,1,0,1,0,0,0
Stewart Darren,ENG,,,,7,1,1,2
Stewart Drew Allen,ENG,0,1,0,0,0,0,0
Stewart Hopeton,USA,5,2,0,2,0,2,1
Stewart Josh,USA,0,2,0,0,1,0,1
Stewart Justin,USA,0,1,0,0,1,0,0
Stewart Kiplagott,USA,0,1,0,0,1,0,0
Stewart Kyle,USA,,,,6,1,3,1
Stewart Luke,USA,5,4,0,2,2,3,0
Stewart Mandy,USA,1,0,0,0,0,1,0
Stewart Mike,USA,2,3,0,0,2,1,1
Stewart Scott,USA,0,1,0,0,0,0,1
Stewart Timothy,USA,0,1,0,0,1,0,0
Stewart Warren,USA,,,,0,5,0,1
Stibbie Damian,USA,0,1,0,0,1,0,0
Stidnam Jerrod,USA,1,0,0,0,0,0,0
Stiebling Alex,USA,3,8,0,1,4,1,0
Stimmel William,USA,0,1,0,0,0,0,1
Stimson Thane,USA,0,1,0,0,1,0,0
Stiner Jordan,USA,2,3,0,1,1,0,1
Stines Robert,USA,1,2,0,0,1,1,1
Stinghe Daniel,USA,0,1,0,0,1,0,0
Stinson Tyler,USA,,,,,,7,5
Stirn Jesse,USA,,,,1,0,5,4
Stitt Quartus,USA,1,5,0,0,1,1,3
Stittgen Dan,USA,7,6,0,1,2,5,2
Stock Andy,USA,0,4,0,0,0,0,4
Stock Ryan,USA,0,3,0,0,1,0,2
Stockton Micah,USA,2,2,0,0,2,2,0
Stoddard Mark,USA,0,4,0,0,0,0,1
Stoffer Shaun,USA,0,1,0,0,1,0,0
Stoica Alexandru,USA,0,1,0,0,1,0,0
Stoilkov Martin,USA,1,0,0,0,0,1,0
Stoilkov Martin,USA,0,1,0,0,0,0,1
Stoilov Bogdan,BUL,0,1,0,0,0,0,1
Stoimenov Jivko,BUL,1,1,0,1,1,0,0
Stoiti Adrian,BUL,0,1,0,0,0,0,1
Stojadinovic Lazar,BUL,,,,3,3,6,2
Stojadinovic Milan,BUL,0,1,0,0,1,0,0
Stojanov Gjore,BUL,0,1,0,0,1,0,0
Stojnic Denis,BIH,9,2,0,3,1,4,1
Stokas Adrianos,BIH,0,1,0,0,0,0,0
Stokes Crystal,BIH,0,1,0,0,0,0,0
Stokes Xavier,BIH,0,3,0,0,2,0,1
Stolen Nathan,USA,0,3,0,0,1,0,1
Stoliarenko Julija,LTU,9,6,1,0,2,8,1
Stoltzfus Dustin,USA,,,,2,0,5,2
Stolyarov Alexander,UZB,0,1,0,0,1,0,0
Stolze Niklas,GER,,,,4,1,5,0
Stone Dave,GER,,,,,,,
Stone David,ENG,0,5,0,0,1,0,4
Stone Eric,USA,0,1,0,0,1,0,0
Stone James,ENG,0,1,0,0,1,0,0
Stone Ken,USA,,,,4,3,6,0
Stone Nic,USA,0,1,0,0,0,0,1
Stone Ry,USA,0,1,0,0,0,0,1
Stone Trevor,USA,0,1,0,0,0,0,1
Stonehouse Fred,CAN,0,1,0,0,1,0,0
Stonehouse Ian,CAN,0,5,0,0,1,0,3
Stonitsch Ryan,CAN,0,1,0,0,0,0,1
Storey Ryan,CAN,0,1,0,0,0,0,1
Stork George,CAN,0,4,0,0,0,0,2
Storley Logan,USA,,,,8,0,0,0
Storm Stefan,USA,0,1,0,0,0,0,0
Storwick Steve,USA,0,0,0,0,0,0,0
Story Rick,USA,,,,4,1,5,2
Stots Raufeon,USA,,,,3,1,4,0
Stott Greg,USA,0,1,0,0,1,0,0
Stouder Dominic,USA,0,2,0,0,2,0,0
Stoup Adam,USA,0,1,0,0,1,0,0
Stout Curtis,USA,0,8,0,0,3,0,2
Stout Levi,USA,0,1,0,0,0,0,1
Stout Ryan,USA,1,3,0,0,3,1,0
Stout Sam,CAN,,,,9,3,1,3
Stout Tim,CAN,0,6,0,0,2,0,3
Stoute Todd,CAN,0,4,0,0,0,0,0
Stoyan Alexey,RUS,0,2,0,0,0,0,2
Stoyan Vitaliy,RUS,0,1,0,0,0,0,0
Stoyanov Georgi,RUS,3,5,0,1,0,1,4
Stoyanov Martin,RUS,0,1,0,0,1,0,0
Stoai Darko,SER,,,,,,1,0
Strader Jesse,USA,5,2,0,4,2,0,0
Strahan Joshua,USA,0,3,0,0,1,0,2
Strahinja Denic,USA,0,2,0,0,0,0,1
Strand Ulf,USA,0,1,0,0,1,0,0
Stranger Chris,CAN,0,1,0,0,0,0,0
Strangis Gennaro,CAN,0,1,0,0,0,0,0
Stransky Jason,CAN,0,1,0,0,0,0,1
Strasser Dave,CAN,3,3,1,0,0,0,2
Stratt Aquil,CAN,0,1,0,0,1,0,0
Stratton Daniel,CAN,0,1,0,0,0,0,1
Straughan Darren,CAN,0,1,0,0,0,0,0
Straughton Dave,CAN,0,1,0,0,1,0,0
Straus Daniel,USA,,,,4,2,7,5
Strausbaugh Neil,USA,0,1,0,0,1,0,0
Strawn John,USA,0,5,0,0,1,0,4
Strbak Miroslav,USA,2,4,0,2,1,0,0
Strebendt Gerald,USA,0,4,0,0,2,0,2
Street Dan,USA,0,1,0,0,1,0,0
Street Dearmie,USA,0,1,0,0,1,0,0
Street Justin,USA,0,1,0,0,1,0,0
Street Reece,USA,0,3,0,0,0,0,3
Stregles Aaron,USA,0,1,0,0,1,0,0
Strehlow Gemenie,USA,0,1,0,0,0,0,1
Strekert Eduard,USA,0,1,0,0,0,0,1
Strezoski Luka,SER,1,1,0,0,0,1,0
Strickland Sean,USA,,,,,,4,0
Strickland Titus,USA,0,1,0,0,0,0,0
Striegl Mark,PHI,,,,0,1,,
Stringer Chris,PHI,2,3,0,0,0,0,1
Stringer Hans,NED,,,,9,3,8,1
Stripling Joe,NED,0,5,0,0,3,0,0
Stritzke Danny,NED,0,1,0,0,0,0,1
Strmonja Erni,SER,0,1,0,0,1,0,0
Strnisko Milan,SVK,0,1,0,0,0,0,0
Stroffolino Phil,SVK,0,1,0,0,0,0,1
Stromberg Brian,SVK,0,1,0,0,0,0,1
Strong Darnell,SVK,0,1,0,0,1,0,0
Strong Stan,SVK,0,1,0,0,1,0,0
Stroud Zebulon,SVK,0,1,0,0,1,0,0
Stroumpoulis Panagiotis,GRE,0,2,0,0,0,0,2
Stroup Adam,GRE,,,,3,0,5,2
Strube Spencer,GRE,0,1,0,0,1,0,0
Struck Larry,GRE,,,,,,,
Struik Willem,GRE,0,2,0,0,0,0,1
Strus Piotr,POL,,,,5,1,2,1
Struve Nick,POL,0,1,0,0,1,0,0
Struve Stefan,NED,,,,8,9,,
Struzik Jodie,NED,0,1,0,0,0,0,1
Stryzhak Konstantyn,NED,1,1,0,1,1,0,0
Strzelczyk Mateusz,POL,0,2,0,0,1,0,1
Strzelecki Virgil,POL,0,1,0,0,1,0,0
Stuart Josh,POL,0,1,0,0,1,0,0
Stubbs Donte,USA,0,1,0,0,0,0,1
Stucker Roy,USA,0,1,0,0,0,0,1
Studer Debi,USA,1,0,0,0,0,1,0
Stufflebeem Krista,USA,0,1,0,0,1,0,0
Stukalov Vladimir,USA,0,1,0,0,0,0,0
Stull Dennis,USA,0,1,0,0,1,0,0
Stumbries Maik,GER,0,1,0,0,0,0,1
Stumpf Jason,GER,0,1,0,0,0,0,1
Stumpf Mike,USA,,,,2,0,7,1
Sturdy Ryan,USA,0,3,1,0,3,0,0
Sturgeon Kyle,USA,0,1,0,0,0,0,1
Sturges Tyler,USA,0,1,0,0,0,0,1
Sturgill Josh,USA,0,1,0,0,0,0,1
Stutz Robin,USA,0,1,0,0,0,0,0
Styles Gregy,USA,0,1,0,0,1,0,0
Styx Steve,USA,0,1,0,0,1,0,0
Su Kim Wong,USA,0,1,0,0,1,0,0
Suarez Aaron,USA,0,2,0,0,2,0,0
Suarez Antonio,MEX,0,1,0,0,1,0,0
Suarez David,MEX,0,1,0,0,0,0,1
Suarez Harvey,MEX,0,1,0,0,1,0,0
Suarez Juan Manuel,ESP,,,,6,5,5,1
Suarez Mike,ESP,0,1,0,0,0,0,1
Suarez Tatiana,USA,9,0,0,2,0,4,0
Subba Gianni,USA,1,3,0,0,0,0,1
Subba Keanu,USA,0,2,0,0,0,0,1
Suber Brandon,USA,0,1,0,0,0,0,1
Subora Igor,UKR,6,3,0,4,2,1,1
Sucevic Sanja,SER,1,3,0,0,1,1,1
Sucuri Daniel,SER,0,1,0,0,1,0,0
Suda Lubos,SER,0,1,0,0,0,0,1
Suda Masanori,SER,1,2,0,0,0,1,2
Sudac Oliver,SER,0,1,0,0,0,0,1
Sudo Genki,SER,5,2,0,0,1,5,0
Sudo Shogo,SER,0,1,0,0,1,0,0
Sudolski Lucasz,SER,8,1,0,5,1,1,0
Suelem Doelle Jessica,BRA,0,3,0,0,1,0,1
Suema Bruno,BRA,0,1,0,0,0,0,1
Suganuma Poai,BRA,2,2,0,2,2,0,0
Sugasti Alvaro,BRA,0,1,0,0,1,0,0
Sugata Kiyohito,BRA,0,1,0,0,1,0,0
Sugatani Masanori,BRA,0,1,0,0,0,0,1
Sugawara Kazumasa,JPN,0,1,0,0,0,0,0
Sugawara Masaaki,JPN,3,7,0,0,0,0,1
Sugden Regis,ENG,1,1,0,0,0,1,0
Suggs Bobby,ENG,0,1,0,0,0,0,1
Sugie Daisuke,ENG,0,3,0,0,1,0,1
Sugie Natsumi,ENG,0,1,0,0,1,0,0
Sugiman-Marangos Seiji,ENG,0,1,0,0,0,0,0
Sugimoto Yumiko,ENG,0,1,0,0,0,0,0
Sugita Ichiro,ENG,0,1,0,0,0,0,0
Sugiuchi Isamu,JPN,2,2,1,0,2,2,0
Sugiura Hirosumi,JPN,0,1,0,0,0,0,0
Sugiura Takashi,JPN,1,1,0,1,0,0,0
Sugiyama Katsushi,JPN,0,2,0,0,0,0,0
Sugiyama Kazushi,JPN,1,0,0,1,0,0,0
Sugiyama Naho,JPN,9,5,0,1,1,2,1
Sugiyama Shizuka,JPN,1,3,1,0,2,1,0
Suhl Patrick,JPN,0,1,0,0,1,0,0
Suhonen Timo,JPN,1,1,0,0,1,0,0
Suhonosov Alex,JPN,0,2,0,0,1,0,0
Suire Casey,USA,1,2,0,0,1,0,1
Sukhanova Anastasiya,USA,0,1,0,0,1,0,0
Sukhomlinov Kirill,RUS,4,2,0,1,1,2,1
Sulebanov Ramazan,RUS,1,1,0,1,0,0,0
Suleiman Tarek,RUS,1,4,0,1,1,0,1
Suleimanov Alihan,RUS,0,1,0,0,1,0,0
Suleimanov Lenar,RUS,0,1,0,0,0,0,0
Sules Nolan,RUS,0,1,0,0,1,0,0
Suleumanov Serzod,RUS,0,1,0,0,1,0,0
Suleymanli Kamran,RUS,0,1,0,0,1,0,0
Suleymanov Kazavat,RUS,0,1,0,0,0,0,0
Suleymanov Yusup,RUS,1,0,0,1,0,0,0
Sulivan Dan,RUS,1,2,0,1,1,0,1
Sulkhanov Zalimkhan,RUS,0,1,0,0,0,0,0
Sullivan Aaron,RUS,0,1,0,0,1,0,0
Sullivan Allan,RUS,0,3,0,0,2,0,1
Sullivan Bobby,CAN,0,1,0,0,0,0,1
Sullivan Chad,CAN,0,1,0,0,1,0,0
Sullivan George,USA,,,,,,0,5
Sullivan Jason,USA,0,1,0,0,1,0,0
Sullivan Joseph,USA,0,2,0,0,1,0,1
Sullivan Robert,USA,1,1,0,0,0,0,0
Sullivan Wesley,USA,0,2,0,0,1,0,0
Suloev Amar,USA,5,5,0,3,2,0,2
Sulsona Jose,USA,0,2,0,0,0,0,2
Sultan Ahmed,USA,0,1,0,0,0,0,1
Sultanakhmedov Magomed,RUS,5,5,0,4,0,0,3
Sultanbiev Khamid,RUS,1,0,0,0,0,0,0
Sultani Ajmal,RUS,0,1,0,0,1,0,0
Sultanmagomedov Kavkaz,RUS,0,1,0,0,0,0,1
Sultanmagomedov Zulfinar,RUS,0,1,0,0,1,0,0
Sultanov Akhmed,RUS,2,3,0,0,1,2,1
Sultao Aldo,RUS,0,1,0,0,1,0,0
Sumantri Thomas,CAN,0,1,0,0,1,0,0
Sumimura Ryuichiro,CAN,1,0,0,0,0,0,0
Sumler T.J.,USA,5,6,0,2,2,2,1
Summers Hannah,USA,0,1,0,0,0,0,0
Summey Shawn,USA,0,1,0,0,0,0,1
Summler Thomas,USA,0,1,0,0,0,0,0
Sumner Dominic,USA,1,3,0,1,3,0,0
Sumo Junior,USA,0,1,0,0,1,0,0
Sumter Justin,USA,7,4,0,2,3,3,1
Sun Shining,USA,0,1,0,0,1,0,0
Sunaba Tomomi,USA,1,5,0,0,2,0,1
Sunabe Mitsuhisa,JPN,,,,9,1,6,0
Sundel Robert,JPN,,,,,,,
Sung Jang Hoon,JPN,0,1,0,0,0,0,0
Sungbin Jo,SKO,9,2,0,5,0,4,0
Sungbin Jo,SKO,0,0,0,0,0,0,0
Suno Sam,SKO,0,1,0,0,1,0,0
Suotama Maiju,FIN,1,3,0,1,0,0,1
Superales Joven,FIN,0,1,0,0,0,0,1
Supernaw Kyle,FIN,0,1,0,0,1,0,0
Supino Joe,FIN,0,1,0,0,0,0,0
Supnet Tom,FIN,,,,,,,
Supris Ricardo,FIN,0,1,0,0,0,0,1
Surdyka Zack,FIN,0,2,0,0,1,0,0
Surdyn Patryk,FIN,1,1,0,1,0,0,0
Sureflew Chad,FIN,0,1,0,0,0,0,1
Surian Paulo,FIN,0,1,0,0,1,0,0
Surin Marcus,USA,6,3,0,2,0,2,1
Surin Matej,SVK,0,1,0,0,0,0,1
Surma Lance,USA,2,1,0,1,0,0,1
Surma Maciej,POL,0,1,0,0,0,0,1
Surnev Dmitry,POL,0,2,0,0,1,0,1
Sursa Marcus,USA,3,6,0,1,1,2,5
Suruy David,USA,0,2,0,0,0,0,2
Surville-Perafide Teddy,USA,0,1,0,0,1,0,0
Susilo Aji,USA,0,0,0,0,0,0,0
Suska Paulina,USA,0,2,0,0,0,0,0
Suslovas Erikas,USA,0,3,0,0,2,0,1
Sustad Brad,USA,0,2,0,0,2,0,0
Suter Trevor,USA,0,3,0,0,0,0,3
Sutherland David,USA,,,,,,,
Sutherland Denniston,USA,4,8,0,1,3,1,1
Sutherland Dwight,USA,1,1,0,0,0,1,1
Sutherland Paul,USA,,,,,,,
Sutherland Paul,USA,,,,,,,
Suto Yosuki,USA,0,1,0,0,0,0,0
Suttie Jason,USA,0,1,0,0,0,0,1
Suttles Michael,USA,0,2,0,0,0,0,1
Sutton Aaron,USA,0,2,0,0,0,0,1
Sutton Ady,AUS,0,1,0,0,0,0,1
Sutton Chad,AUS,0,1,0,0,0,0,0
Sutton Joel,AUS,2,0,0,2,0,0,0
Sutton Ryan,AUS,0,1,0,0,1,0,0
Sutton Shawn,AUS,0,1,0,0,0,0,1
Suvanto Mikko,FIN,0,2,1,0,1,0,0
Suzukawa Shinichi,JPN,1,4,0,1,3,0,1
Suzuki Hayato,JPN,,,,5,0,7,1
Suzuki Kosuke,JPN,,,,3,2,1,2
Suzuki Masashi,JPN,1,0,0,1,0,0,0
Suzuki Minoru,JPN,2,1,0,0,0,2,1
Suzuki Nobutatsu,JPN,,,,9,2,0,1
Suzuki Shingo,JPN,,,,7,7,5,3
Suzuki Tetsu,JPN,0,8,0,0,1,0,0
Suzuki Tomoya,JPN,0,1,0,0,0,0,1
Suzuki Toshikazu,JPN,0,1,0,0,1,0,0
Suzuki Yohei,JPN,0,2,1,0,0,0,2
Svec Ivan,JPN,,,,,,,
Svendsen Henning,JPN,0,2,0,0,1,0,1
Svensson Christoffer,JPN,0,1,0,0,0,0,0
Svensson Jonathan,JPN,0,1,0,0,1,0,0
Svensson Martin,SWE,,,,1,3,9,2
Svetlana Svetlana,SWE,0,1,0,0,0,0,0
Sveum Travis,SWE,0,1,0,0,1,0,0
Svirid Aleksandr,SWE,0,1,0,0,0,0,1
Svirid Igor,KAZ,,,,3,1,6,1
Svobada Scott,KAZ,0,1,0,0,0,0,1
Svoboda Pavel,KAZ,0,2,0,0,2,0,0
Svrtan Kristijan,KAZ,0,1,0,0,1,0,0
Swadley Kyle,KAZ,0,2,0,0,2,0,0
Swailes Neil,KAZ,0,1,0,0,1,0,0
Swailes Neil,KAZ,,,,,,,
Swain Daniel,USA,,,,5,7,,
Swain Parris,USA,0,1,0,0,0,0,0
Swallows Cade,USA,0,0,0,0,0,0,0
Swan Dana,USA,0,1,0,0,0,0,1
Swangler John,USA,0,2,0,0,2,0,0
Swanson Billy,USA,4,2,0,2,2,1,0
Swanson Brenton,USA,0,1,0,0,0,0,1
Swanson Cub,USA,,,,,,4,7
Swanson Steve,USA,1,2,0,0,0,0,2
Swarno Swarno,USA,0,1,0,0,0,0,1
Swasho Michelle,USA,0,1,0,0,1,0,0
Swatez Rachael,USA,0,2,0,0,1,0,1
Sweeney George,USA,0,1,0,0,0,0,1
Sweeney Jeff,USA,0,2,0,0,0,0,2
Sweeney John,USA,1,2,0,0,2,0,0
Sweeney Martin,USA,0,1,0,0,1,0,0
Sweeney Todd,USA,0,1,0,0,0,0,1
Swerdan Vance,USA,,,,,,,
Swiatek Tymoteusz,USA,0,1,0,0,1,0,0
Swick Mike,USA,,,,8,2,3,1
Swierkosz Darius,USA,0,1,0,0,0,0,1
Swift Dan,USA,0,6,0,0,2,0,2
Swilling Montoyia,USA,0,3,0,0,0,0,3
Swimmer Matthew,CAN,0,1,0,0,1,0,0
Swindells Marley,CAN,0,1,0,0,0,0,0
Swirydowicz Lukasz,CAN,1,0,0,1,0,0,0
Swofford Wes,USA,,,,9,2,1,3
Swonkin Igor,USA,0,1,0,0,1,0,0
Sword Floyd,USA,0,1,0,0,0,0,1
Sy Sadibou,SWE,9,6,2,6,2,0,1
Syan Hawraz,USA,0,2,0,0,0,0,2
Sydboge Nicole,USA,0,1,0,0,0,0,1
Sydnor Chris,USA,0,1,0,0,0,0,1
Syed Imran,USA,0,1,0,0,1,0,0
Syers Ben,USA,0,1,0,0,1,0,0
Sykora Danny,USA,1,2,0,0,0,1,0
Syler Bentley,BOL,5,1,0,2,1,2,0
Syler Kevin,BOL,,,,1,0,7,0
Sylla Malick,FRA,0,2,0,0,0,0,2
Sylvest Leo,FRA,0,2,0,0,1,0,1
Sylvester Alain,FRA,0,1,0,0,0,0,0
Sylvester Davis,FRA,0,2,0,0,2,0,0
Sylvester Tim,FRA,0,1,0,0,1,0,0
Sylvester Tony,FRA,0,2,0,0,0,0,1
Sylvia Tim,USA,,,,,,4,4
Symak Jason,USA,0,1,0,0,1,0,0
Syniavina Victoria,USA,0,2,0,0,1,0,1
Syrgabayev Zamirbek,USA,0,1,0,0,0,0,1
Syrovatkin Andrey,USA,0,1,0,0,0,0,1
Sysoev Gennady,USA,0,1,0,0,1,0,0
Syutkin Nikolay,USA,0,1,0,0,1,0,0
Szabo Gabor,USA,0,1,0,0,1,0,0
Szadzinski Gracjan,POL,2,2,0,2,1,0,0
Szalowski Karol,POL,0,2,0,0,0,0,2
Szaszkow Roman,POL,0,1,0,0,0,0,1
Szatkowski Grzegorz,POL,0,1,0,0,0,0,1
Szczepaniak Arthur,POL,0,1,0,0,0,0,1
Szczepaniak Damian,POL,0,1,0,0,1,0,0
Szczepanski Slawomir,POL,0,1,0,0,0,0,1
Szczerek Lukasz,POL,0,1,0,0,1,0,0
Szepesvary Nicole,POL,0,1,0,0,1,0,0
Szmigielski Damian,POL,0,1,0,0,0,0,0
Szogyenyi Laszlo,POL,0,1,0,0,1,0,0
Szohr Brian,POL,1,1,0,0,0,0,1
Szostak Akop,POL,4,4,0,3,4,0,0
Szukala Kordian,POL,0,1,0,0,0,0,1
Szulakowski Grzegorz,POL,9,4,0,2,2,5,1
Szulinski Michal,POL,0,3,0,0,2,0,1
Szydlowski Ireneusz,POL,0,1,0,0,0,0,0
Szymajda Hubert,POL,0,1,0,0,1,0,0
Szymanski Nikodem,POL,1,0,0,0,0,0,0
SzymaDski Roman,POL,,,,3,3,3,1
Szymuszowski Kamil,POL,,,,2,2,4,1
