Full_Name,Country,Decision,Wins_By_KO,Loses_By_KO,Wins_By_Submission,Loses_By_Submission
O'Brien Jake,USA,0.0,7.0,2.0,2.0,2.0
O'Brien John,USA,0.0,0.0,0.0,0.0,1.0
O'Brien Kieran,USA,0.0,0.0,0.0,0.0,0.0
O'Brien Nicholas,USA,0.0,0.0,1.0,0.0,0.0
O'Brien TJ,USA,0.0,0.0,2.0,0.0,0.0
O'Brien Tyler,CAN,0.0,0.0,2.0,0.0,0.0
O'Connell Dennis,CAN,0.0,0.0,0.0,0.0,0.0
O'Connell Jacob,AUS,0.0,0.0,1.0,1.0,0.0
O'Connell Rory,AUS,0.0,0.0,0.0,0.0,1.0
O'Connell Sean,AUS,0.0,0.0,0.0,3.0,2.0
O'Connor Anthony,ENG,0.0,0.0,2.0,0.0,0.0
O'Connor Dan,USA,0.0,1.0,0.0,3.0,1.0
O'Connor Matt,USA,0.0,0.0,1.0,0.0,0.0
O'Daniel Edward,USA,0.0,0.0,1.0,0.0,1.0
O'Donnell Kieran,USA,0.0,0.0,0.0,0.0,0.0
O'Donnell Mike,USA,0.0,0.0,0.0,1.0,0.0
O'Donnell Victor,USA,0.0,1.0,1.0,0.0,0.0
O'Driscoll Blaine,IRL,0.0,2.0,1.0,2.0,2.0
O'Fee Kev,IRL,0.0,0.0,0.0,0.0,1.0
O'Gorman Darren,IRL,0.0,0.0,4.0,0.0,0.0
O'Grady Dom,IRL,1.0,0.0,4.0,2.0,1.0
O'Grady Sean,IRL,0.0,0.0,0.0,0.0,1.0
O'Haire Sean,IRL,0.0,0.0,1.0,0.0,0.0
O'Hearn Kylie,IRL,0.0,0.0,1.0,0.0,0.0
O'Keefe Dan,IRL,0.0,0.0,0.0,0.0,1.0
O'Keefe Steve,IRL,0.0,0.0,2.0,3.0,1.0
O'Lena Charles,USA,0.0,0.0,0.0,0.0,0.0
O'Loughran Alan,USA,0.0,0.0,0.0,1.0,0.0
O'Malley Dallas,USA,0.0,0.0,0.0,0.0,1.0
O'Malley Dorlan,USA,0.0,0.0,1.0,0.0,1.0
O'Malley Mike,USA,0.0,0.0,0.0,0.0,1.0
O'Malley Pat,USA,0.0,0.0,1.0,0.0,0.0
O'Malley Sean,USA,0.0,0.0,0.0,1.0,0.0
O'Neal Bren,USA,0.0,0.0,0.0,0.0,0.0
O'Neal Jeremiah,USA,0.0,2.0,5.0,0.0,0.0
O'Neal Tommy,USA,0.0,0.0,0.0,0.0,1.0
O'Neil Addison,USA,0.0,0.0,1.0,0.0,0.0
O'Neil Chuck,USA,0.0,6.0,3.0,6.0,3.0
O'Neil Coby,USA,0.0,0.0,0.0,0.0,1.0
O'Neil Toby,USA,0.0,0.0,1.0,0.0,0.0
O'Neil Vernon,USA,0.0,0.0,0.0,0.0,0.0
O'Neill Casey,USA,0.0,3.0,0.0,2.0,0.0
O'Neill Mike,CAN,0.0,0.0,0.0,1.0,1.0
O'Neill Stephen,CAN,0.0,0.0,0.0,0.0,0.0
O'Neill Wes,ENG,0.0,0.0,2.0,0.0,0.0
O'Reilly Brendan,AUS,0.0,1.0,1.0,2.0,0.0
O'Reilly Patrick,AUS,0.0,0.0,1.0,0.0,0.0
O'Rourke Colin,AUS,0.0,0.0,1.0,0.0,0.0
O'Shaughnessy Scott,AUS,0.0,0.0,0.0,0.0,1.0
O'Shea Shane,USA,0.0,2.0,0.0,2.0,1.0
O'Sullivan Carla,USA,0.0,0.0,0.0,0.0,1.0
O'Toole Alex,ENG,1.0,0.0,1.0,0.0,0.0
O'Toole Mark,ENG,0.0,0.0,0.0,0.0,1.0
Oates Mark,ENG,0.0,0.0,0.0,0.0,1.0
Oba Takahiro,ENG,0.0,0.0,2.0,0.0,2.0
Oban Takaaki,JPN,0.0,0.0,1.0,0.0,0.0
Obashkin Dmitry,JPN,0.0,0.0,1.0,0.0,0.0
Obasi Shawn,USA,0.0,0.0,0.0,0.0,1.0
Obata Koji,USA,0.0,0.0,1.0,0.0,0.0
Obata Taro,USA,0.0,0.0,0.0,0.0,1.0
Obe Steve,USA,0.0,0.0,1.0,0.0,0.0
Obermiller Chad,USA,0.0,0.0,1.0,1.0,2.0
Obi Chike,USA,0.0,0.0,0.0,0.0,0.0
Obiya Nobuhiro,USA,0.0,0.0,1.0,0.0,0.0
Obolenskiy Robert,USA,0.0,0.0,0.0,0.0,1.0
Obolevics Joanne,AUS,0.0,0.0,1.0,0.0,0.0
Oborotov Arnold,ENG,0.0,0.0,0.0,0.0,1.0
Obregon Javier,ENG,0.0,0.0,3.0,0.0,4.0
Obutobe Baygon,ENG,0.0,0.0,1.0,0.0,0.0
Ocampo Jamar,ENG,0.0,0.0,1.0,0.0,0.0
Ocampo Javier,ENG,0.0,0.0,0.0,0.0,1.0
Ocampo Nelson,ENG,0.0,0.0,2.0,0.0,0.0
Ocampos Aldo,ENG,0.0,0.0,1.0,0.0,0.0
Ocasio Brandon,ENG,0.0,0.0,1.0,0.0,1.0
Occena Leo,ENG,0.0,0.0,1.0,0.0,0.0
Ochi Haruo,JPN,0.0,1.0,0.0,0.0,0.0
Ochoa Carlos,JPN,0.0,0.0,0.0,0.0,1.0
Ochoa Hector,JPN,0.0,0.0,0.0,0.0,0.0
Ochoa Castro Carlos Ernesto,USA,0.0,0.0,0.0,0.0,1.0
Ochtabinski Marcin,POL,0.0,0.0,0.0,0.0,1.0
Ockerman Brent,USA,0.0,0.0,1.0,0.0,0.0
Ocon Christian,USA,0.0,1.0,0.0,1.0,0.0
Octavio Josemar,USA,0.0,0.0,0.0,0.0,1.0
Oda Tenkei,USA,0.0,1.0,1.0,0.0,0.0
Odagiri Isamu,JPN,0.0,0.0,0.0,0.0,0.0
Odakura Nobuo,JPN,0.0,0.0,1.0,0.0,0.0
Odawara Fuminao,JPN,0.0,0.0,1.0,0.0,0.0
Oden Toby,JPN,0.0,0.0,0.0,0.0,0.0
Odilbekov Artur,JPN,0.0,0.0,0.0,0.0,1.0
Odilov Faridun,TJK,0.0,0.0,1.0,0.0,0.0
Odinaev Shafkat,UZB,0.0,0.0,1.0,0.0,0.0
Odintsov Mikhail,BLR,0.0,6.0,0.0,4.0,1.0
Odle David,BLR,0.0,0.0,0.0,0.0,1.0
Odnorog Evgeniy,BLR,0.0,0.0,0.0,0.0,0.0
Odom Brandon,USA,0.0,0.0,2.0,0.0,0.0
Odom Josh,USA,0.0,0.0,0.0,0.0,1.0
Odoms Richard,USA,0.0,5.0,2.0,2.0,0.0
Odomusu Tunde,USA,0.0,0.0,0.0,0.0,2.0
Odquina Edward,USA,0.0,0.0,0.0,0.0,2.0
Odum Brad,USA,0.0,0.0,0.0,0.0,0.0
Oduwole Yemi,USA,0.0,0.0,1.0,1.0,0.0
Oduyingho Tundee,USA,0.0,0.0,0.0,0.0,1.0
Odzimkowski Albert,POL,0.0,1.0,1.0,0.0,2.0
Oehlers Marsharl,POL,0.0,0.0,1.0,0.0,0.0
Oetelaar Andre Van Den,POL,0.0,0.0,0.0,0.0,1.0
Oezdemir Volkan,SUI,0.0,0.0,0.0,1.0,2.0
Oezyildirim Mert,SUI,0.0,0.0,1.0,0.0,0.0
Offield Kelly,SUI,0.0,0.0,1.0,0.0,1.0
Ofiu Joshua,SUI,0.0,0.0,1.0,0.0,0.0
Ofken John,SUI,0.0,0.0,1.0,0.0,0.0
Oganesyan Robert,GRE,0.0,0.0,0.0,0.0,1.0
Oganov Erik,GRE,0.0,0.0,1.0,1.0,1.0
Oganyan Levon,GRE,0.0,0.0,1.0,0.0,0.0
Oganyan Zograb,UKR,0.0,0.0,0.0,0.0,1.0
Ogar Vadim,RUS,0.0,0.0,2.0,4.0,1.0
Ogawa Munetaka,RUS,0.0,0.0,1.0,0.0,0.0
Ogawa Naoya,RUS,0.0,1.0,0.0,3.0,3.0
Ogdahl Lori,RUS,0.0,0.0,1.0,0.0,0.0
Ogden Chris,RUS,0.0,0.0,1.0,0.0,0.0
Ogden Rick,RUS,0.0,0.0,1.0,0.0,1.0
Ogden Trey,USA,0.0,0.0,0.0,0.0,0.0
Ogikubo Yusuke,JPN,0.0,0.0,0.0,0.0,0.0
Ogle Andy,ENG,0.0,2.0,1.0,3.0,2.0
Oglesby Barry,ENG,0.0,0.0,0.0,0.0,1.0
Ognyanov Georgi,ENG,0.0,0.0,0.0,0.0,0.0
Ogo John,ENG,0.0,0.0,1.0,0.0,0.0
Ogo Jordan,ENG,0.0,0.0,0.0,0.0,1.0
Ogorodniy Andrei,ENG,0.0,0.0,1.0,0.0,1.0
Ogrodnik Joanna,ENG,0.0,0.0,1.0,0.0,0.0
Ogura Takuya,ENG,0.0,0.0,0.0,0.0,1.0
Ogurtsov Evgeny,BLR,0.0,0.0,0.0,0.0,1.0
Oh Chang Min,BLR,0.0,0.0,0.0,0.0,0.0
Oh In Suk,BLR,0.0,0.0,0.0,0.0,1.0
Oh Jae Sung,BLR,0.0,0.0,0.0,0.0,0.0
Oh Kwon Sik,BLR,0.0,0.0,1.0,0.0,0.0
Oh Tae Seok,BLR,0.0,0.0,1.0,0.0,0.0
Ohany Fabio,BRA,0.0,0.0,1.0,0.0,0.0
Ohara Hajime,BRA,0.0,0.0,0.0,0.0,1.0
Ohara Juri,JPN,0.0,0.0,1.0,0.0,1.0
Ohara Michiyoshi,JPN,0.0,0.0,0.0,0.0,0.0
Oher Jeffery,JPN,0.0,0.0,1.0,0.0,0.0
Ohia Eddie,JPN,0.0,0.0,1.0,0.0,0.0
Ohlsson Anders,JPN,0.0,0.0,0.0,0.0,0.0
Ohori Ryuji,JPN,0.0,0.0,1.0,0.0,1.0
Oi Yoichi,JPN,0.0,0.0,1.0,0.0,0.0
Oiler George,USA,0.0,0.0,1.0,0.0,1.0
Oishi Koji,JPN,0.0,8.0,3.0,0.0,1.0
Oishi Masahiro,JPN,0.0,0.0,1.0,0.0,2.0
Ojaghi Hossein,JPN,0.0,0.0,0.0,0.0,1.0
Ojeda Luis,JPN,0.0,0.0,0.0,0.0,1.0
Ojugbana Leslee,JPN,0.0,0.0,0.0,0.0,2.0
Ok Rae Yoon,JPN,0.0,4.0,1.0,1.0,0.0
Okabayashi Akira,JPN,0.0,0.0,0.0,0.0,0.0
Okada Akira,JPN,1.0,0.0,1.0,0.0,0.0
Okada Kasuchina,JPN,0.0,0.0,0.0,0.0,1.0
Okada Kimie,JPN,0.0,0.0,0.0,0.0,1.0
Okada Komei,JPN,0.0,0.0,3.0,0.0,1.0
Okada Madoka,JPN,0.0,0.0,0.0,0.0,1.0
Okada Mitsuhiro,JPN,0.0,0.0,1.0,0.0,0.0
Okada Ryo,JPN,0.0,0.0,0.0,0.0,1.0
Okada Takayuki,JPN,0.0,0.0,0.0,0.0,1.0
Okada Takeshi,JPN,0.0,0.0,0.0,0.0,0.0
Okaki Naomi,JPN,0.0,0.0,0.0,0.0,0.0
Okami Yushin,JPN,0.0,0.0,0.0,5.0,1.0
Okamoto Hirotoshi,JPN,0.0,0.0,0.0,0.0,0.0
Okano Yuki,JPN,0.0,0.0,1.0,0.0,2.0
Okanovich JJ,USA,0.0,0.0,1.0,4.0,1.0
Okazaki Koetsu,JPN,0.0,3.0,0.0,1.0,1.0
Okazawa Kota,JPN,0.0,0.0,3.0,0.0,1.0
Okewole Damien,JPN,0.0,0.0,0.0,0.0,1.0
Okimura Dai,JPN,0.0,0.0,0.0,0.0,1.0
Okninski Adam,POL,0.0,0.0,1.0,0.0,0.0
Okochi Mamoru,POL,0.0,0.0,0.0,0.0,0.0
Okochi Takayuki,JPN,0.0,0.0,1.0,0.0,0.0
Okonski Pawel,POL,0.0,0.0,1.0,0.0,0.0
Okorie Anthony,POL,0.0,0.0,1.0,0.0,0.0
Okorie Manny,POL,0.0,0.0,0.0,0.0,1.0
Okpoko Bentley,POL,0.0,0.0,1.0,0.0,0.0
Okras Sandor,HUN,0.0,0.0,0.0,0.0,0.0
Okubo Kazuki,HUN,0.0,0.0,2.0,1.0,0.0
Okuda Masakatsu,HUN,0.0,0.0,1.0,0.0,0.0
Okude Masayuki,HUN,1.0,0.0,2.0,1.0,1.0
Okumura Yuka,HUN,0.0,0.0,0.0,0.0,1.0
Okunnu O'Icebox,ENG,0.0,0.0,0.0,1.0,0.0
Okuno Taisuke,JPN,1.0,2.0,1.0,0.0,0.0
Olazabal Hector,JPN,0.0,0.0,1.0,0.0,0.0
Olchawa Sebastian,JPN,0.0,0.0,0.0,0.0,1.0
Olea Jorge,JPN,0.0,0.0,1.0,0.0,0.0
Oleinik Aleksei,RUS,0.0,8.0,9.0,0.0,0.0
Oleinik Alexey,UKR,0.0,0.0,2.0,0.0,1.0
Oleinik Andrey,UKR,0.0,0.0,0.0,0.0,1.0
Olejniczak Daniel,UKR,0.0,0.0,1.0,0.0,1.0
Olejnik Lukas,UKR,0.0,0.0,0.0,0.0,2.0
Oleksiejczuk Michal,POL,0.0,0.0,0.0,1.0,3.0
Oleksii Egor,RUS,0.0,0.0,0.0,0.0,0.0
Olenichev Oleg,RUS,0.0,2.0,2.0,4.0,0.0
Olesen John,RUS,1.0,0.0,0.0,0.0,0.0
Olgertpeposhi Mustafa,TUR,0.0,0.0,1.0,0.0,0.0
Oligo Dylan,TUR,0.0,0.0,0.0,0.0,1.0
Olimov Davlat,TUR,0.0,0.0,1.0,0.0,0.0
Olimshoev Asror,TUR,0.0,0.0,1.0,0.0,0.0
Oliney Hildred,TUR,0.0,0.0,0.0,0.0,2.0
Oliva David,TUR,0.0,0.0,0.0,0.0,0.0
Olivar Jon,PHI,0.0,0.0,0.0,0.0,1.0
Oliveira Alex,BRA,0.0,0.0,1.0,0.0,1.0
Oliveira Alex,BRA,0.0,0.0,0.0,5.0,6.0
Oliveira Alexandre,BRA,0.0,0.0,1.0,0.0,0.0
Oliveira Andre,BRA,0.0,0.0,1.0,0.0,0.0
Oliveira Arthur,BRA,1.0,0.0,0.0,0.0,0.0
Oliveira Bruno,BRA,0.0,6.0,2.0,1.0,1.0
Oliveira Carlos David,BRA,0.0,0.0,1.0,1.0,0.0
Oliveira Charles,BRA,0.0,9.0,4.0,0.0,0.0
Oliveira Conce,BRA,0.0,0.0,1.0,0.0,0.0
Oliveira Daniel,BRA,0.0,0.0,1.0,0.0,0.0
Oliveira Diogo,BRA,0.0,0.0,1.0,0.0,1.0
Oliveira Ednaldo,BRA,0.0,8.0,0.0,2.0,4.0
Oliveira Elves,BRA,0.0,0.0,0.0,0.0,0.0
Oliveira Emanuel,BRA,0.0,0.0,1.0,0.0,0.0
Oliveira Evandro,BRA,0.0,0.0,0.0,0.0,0.0
Oliveira Fabio,BRA,0.0,0.0,0.0,0.0,0.0
Oliveira Fabricio,BRA,0.0,0.0,0.0,0.0,3.0
Oliveira Felipe,BRA,0.0,0.0,1.0,0.0,0.0
Oliveira Geronimo,BRA,0.0,0.0,0.0,0.0,1.0
Oliveira Grimaldo,BRA,1.0,0.0,0.0,0.0,0.0
Oliveira Henrique,BRA,0.0,0.0,0.0,0.0,0.0
Oliveira Herison,BRA,0.0,0.0,1.0,0.0,0.0
Oliveira Igor,BRA,0.0,0.0,0.0,0.0,1.0
Oliveira Jairon,BRA,0.0,0.0,0.0,0.0,0.0
Oliveira Jefferson,BRA,0.0,0.0,1.0,0.0,1.0
Oliveira Jeronimo,BRA,0.0,0.0,0.0,0.0,2.0
Oliveira Joao,BRA,0.0,0.0,0.0,0.0,0.0
Oliveira Jorge,BRA,1.0,0.0,1.0,1.0,0.0
Oliveira Kona,USA,0.0,1.0,1.0,0.0,1.0
Oliveira Kyle,USA,0.0,0.0,1.0,0.0,0.0
Oliveira LIndeclecio,USA,0.0,0.0,0.0,0.0,1.0
Oliveira Luan Mendes,BRA,0.0,0.0,1.0,0.0,0.0
Oliveira Luciano,BRA,0.0,0.0,0.0,0.0,1.0
Oliveira Marcel,BRA,0.0,0.0,0.0,0.0,0.0
Oliveira Marcia,BRA,0.0,0.0,1.0,0.0,0.0
Oliveira Marcos,BRA,0.0,0.0,2.0,0.0,1.0
Oliveira Maria,BRA,0.0,7.0,1.0,1.0,2.0
Oliveira Mariana,BRA,0.0,0.0,1.0,0.0,0.0
Oliveira Michelle,BRA,0.0,0.0,0.0,0.0,1.0
Oliveira Morgana,BRA,0.0,0.0,1.0,0.0,0.0
Oliveira Nathan,BRA,0.0,0.0,0.0,0.0,1.0
Oliveira Nicolas,BRA,0.0,0.0,1.0,0.0,0.0
Oliveira Paulo,BRA,0.0,0.0,0.0,0.0,0.0
Oliveira Paulo Cesar,BRA,0.0,0.0,0.0,0.0,1.0
Oliveira Paulo Ricardo,BRA,0.0,0.0,0.0,0.0,0.0
Oliveira Rafaello,BRA,0.0,4.0,4.0,5.0,2.0
Oliveira Rodrigo,BRA,0.0,1.0,0.0,0.0,0.0
Oliveira Saimon,BRA,0.0,5.0,0.0,0.0,0.0
Oliveira Sidney,BRA,0.0,0.0,0.0,0.0,1.0
Oliveira Thiago,BRA,0.0,0.0,0.0,0.0,1.0
Oliveira Valmir,BRA,0.0,0.0,1.0,0.0,0.0
Oliveira Vanderson,BRA,0.0,0.0,1.0,0.0,0.0
Oliveira Waldson,BRA,0.0,0.0,1.0,0.0,0.0
Oliveira Wallace,BRA,0.0,0.0,0.0,0.0,1.0
Oliveira Wendell,BRA,0.0,0.0,0.0,3.0,4.0
Oliveira Wendell,BRA,0.0,1.0,1.0,0.0,0.0
Oliveira William,BRA,0.0,0.0,1.0,0.0,0.0
Oliveira Alaja Edna,BRA,0.0,0.0,1.0,0.0,0.0
Oliveira de Almeida Deivi Daniel,BRA,0.0,0.0,0.0,0.0,0.0
Oliveira de Melo Luis Leonardo,BRA,0.0,0.0,1.0,0.0,0.0
Oliveira do Nascimento Mirelle,BRA,0.0,0.0,0.0,0.0,1.0
Oliveira Dornella Felipe,BRA,0.0,0.0,1.0,0.0,0.0
Oliveira dos Santos Bruno,BRA,0.0,1.0,0.0,0.0,0.0
Oliveira dos Santos Carlisson Diego,BRA,0.0,0.0,0.0,0.0,2.0
Oliveira dos Santos Felipe,BRA,0.0,0.0,0.0,0.0,1.0
Oliveira Fontes Araujo Denis,BRA,0.0,0.0,1.0,0.0,1.0
Oliveira Pininga Atila,BRA,0.0,0.0,0.0,0.0,0.0
Oliveira Ribeiro Leticia,BRA,0.0,0.0,0.0,0.0,1.0
Oliveira Silva Ronaldo,BRA,0.0,0.0,0.0,0.0,0.0
Oliver Adam,BRA,0.0,0.0,0.0,0.0,1.0
Oliver Alex,AUS,0.0,0.0,0.0,0.0,1.0
Oliver Dominick,AUS,0.0,1.0,0.0,0.0,0.0
Oliver Donny,AUS,0.0,0.0,0.0,0.0,1.0
Oliver Gasper,AUS,0.0,0.0,0.0,0.0,0.0
Oliver Jay,ENG,0.0,0.0,1.0,0.0,1.0
Oliver Kevin,ENG,0.0,0.0,0.0,0.0,0.0
Oliver Nathan,ENG,0.0,0.0,0.0,0.0,0.0
Oliver Roque,ENG,0.0,0.0,0.0,0.0,2.0
Oliver Stephen,ENG,0.0,0.0,1.0,0.0,0.0
Olivera Federico,USA,0.0,0.0,1.0,0.0,0.0
Olivera Francisco,USA,0.0,0.0,0.0,0.0,1.0
Olivera Marcello,USA,0.0,0.0,0.0,0.0,0.0
Olivia David,USA,0.0,0.0,0.0,0.0,0.0
Olivier Robbie,ENG,0.0,1.0,0.0,2.0,0.0
Olivieri Felipe,BRA,0.0,0.0,0.0,4.0,1.0
Oliynyk Oleksiy,RUS,0.0,0.0,0.0,0.0,0.0
Ollison Trevor,RUS,0.0,0.0,0.0,0.0,1.0
Olmos Ray,RUS,0.0,0.0,1.0,0.0,0.0
Olmstead Chad,RUS,0.0,0.0,1.0,0.0,0.0
Olney Michelle,RUS,0.0,0.0,0.0,0.0,0.0
Ologun Andy,RUS,0.0,1.0,0.0,0.0,1.0
Ologun Bobby,NGR,0.0,0.0,1.0,0.0,0.0
Olokhanov Shamil,RUS,0.0,0.0,1.0,0.0,0.0
Olsen Brandon,RUS,0.0,0.0,0.0,0.0,5.0
Olsen Brian,RUS,0.0,0.0,0.0,1.0,0.0
Olsen Eric,RUS,0.0,0.0,1.0,0.0,0.0
Olsen Kyle,RUS,0.0,0.0,2.0,2.0,4.0
Olsen Shana,RUS,0.0,0.0,1.0,0.0,0.0
Olsim Jennifer,PHI,0.0,0.0,0.0,0.0,0.0
Olson Brandon,PHI,0.0,0.0,1.0,1.0,0.0
Olson Cameron,USA,0.0,1.0,2.0,4.0,0.0
Olson Casey,USA,0.0,2.0,1.0,2.0,1.0
Olson Dennis,USA,0.0,1.0,6.0,9.0,3.0
Olson Garrett,USA,0.0,0.0,2.0,0.0,3.0
Olson Michael,USA,0.0,0.0,1.0,0.0,0.0
Olson Otto,USA,0.0,0.0,1.0,0.0,0.0
Olson Ricky,USA,0.0,0.0,0.0,0.0,0.0
Olszewski Damian,USA,0.0,0.0,0.0,0.0,0.0
Olujic Goran,USA,0.0,0.0,0.0,0.0,1.0
Omana Joseph,USA,0.0,1.0,0.0,0.0,0.0
Omanski Grzegorz,POL,0.0,0.0,0.0,0.0,0.0
Omanz Jomanz,POL,0.0,0.0,1.0,0.0,0.0
Omar Mohamed,POL,0.0,0.0,0.0,0.0,0.0
Omar-Ogly Rustam,POL,0.0,0.0,0.0,0.0,1.0
Omargadzhiev Gadzhi,RUS,0.0,8.0,0.0,3.0,0.0
Omarov Arsen,RUS,0.0,0.0,0.0,1.0,0.0
Omarov Dzhamal,RUS,0.0,0.0,0.0,0.0,1.0
Omarov Gadzhimurad,RUS,0.0,0.0,1.0,0.0,0.0
Omarov Guseyn,RUS,0.0,0.0,1.0,0.0,0.0
Omarov Kurban,RUS,0.0,4.0,0.0,1.0,1.0
Omarov Magomedrasul,RUS,0.0,0.0,0.0,0.0,2.0
Omarov Zalimbek,RUS,1.0,0.0,1.0,0.0,0.0
Omarsson Bjarki,RUS,0.0,0.0,0.0,0.0,0.0
Omaruly Janibek,KGZ,0.0,0.0,0.0,0.0,1.0
Omatsu Ken,KGZ,0.0,0.0,0.0,0.0,2.0
Omen Jake,KGZ,0.0,0.0,1.0,0.0,0.0
Omer Alan,KGZ,0.0,9.0,0.0,0.0,0.0
Omer Shane,KGZ,0.0,1.0,0.0,0.0,0.0
Omic Advin,KGZ,0.0,0.0,1.0,0.0,1.0
Omielanczuk Daniel,POL,0.0,4.0,0.0,0.0,0.0
Omigawa Michihiro,JPN,0.0,4.0,2.0,2.0,0.0
Omori Kenta,JPN,0.0,0.0,0.0,0.0,1.0
Omoyele Bola,ENG,0.0,6.0,3.0,1.0,1.0
Omrani Milad,ENG,0.0,0.0,1.0,0.0,0.0
Omura Akira,JPN,0.0,0.0,0.0,0.0,1.0
Omuro Naoko,JPN,1.0,0.0,0.0,0.0,1.0
Omurzakov Erbolot,JPN,0.0,0.0,1.0,0.0,0.0
Onama David,JPN,0.0,5.0,0.0,3.0,0.0
Onda Gotoku,JPN,0.0,0.0,0.0,0.0,0.0
Ondar Renat,JPN,0.0,0.0,0.0,0.0,0.0
Ondrus Petr,CZE,0.0,0.0,1.0,0.0,2.0
Onikienko Nikolai,CZE,0.0,1.0,0.0,0.0,2.0
Onishchenko Vitali,CZE,0.0,0.0,0.0,0.0,1.0
Onishi Hiroto,JPN,0.0,0.0,0.0,0.0,1.0
Onishi Noboru,JPN,0.0,0.0,1.0,0.0,0.0
Onlewski Billy,JPN,0.0,0.0,0.0,0.0,1.0
Ono Shoma,JPN,0.0,0.0,0.0,0.0,1.0
Ono Takayoshi,JPN,0.0,0.0,0.0,0.0,0.0
Ono Yuichiro,JPN,0.0,0.0,1.0,0.0,0.0
Onojima Kota,JPN,0.0,0.0,0.0,0.0,0.0
Ontiveros Alfredo,MEX,0.0,0.0,0.0,0.0,0.0
Ontiveros Charlie,USA,0.0,4.0,7.0,2.0,1.0
Onwardi Joshua,USA,0.0,0.0,1.0,0.0,0.0
Onyenegecha Chibwikem,USA,0.0,4.0,0.0,0.0,0.0
Onzuka Mike,USA,0.0,0.0,0.0,0.0,0.0
Ooi May,SIN,0.0,2.0,0.0,1.0,0.0
Ooton Donald,SIN,0.0,0.0,0.0,0.0,1.0
Opanasenko Vladimir,SIN,0.0,0.0,1.0,0.0,0.0
Oparin Vitaly,SIN,0.0,0.0,2.0,0.0,1.0
Opfar John,SIN,0.0,0.0,0.0,0.0,1.0
Ophoff Aaron,SIN,0.0,0.0,0.0,0.0,1.0
Opie Fraser,SIN,0.0,1.0,0.0,0.0,1.0
Opperman Michiel,RSA,0.0,0.0,0.0,0.0,0.0
Oquendo Mauricio,RSA,0.0,0.0,0.0,0.0,0.0
Orais Rodel,RSA,0.0,0.0,0.0,0.0,1.0
Orbocea Robert,ROM,0.0,0.0,1.0,0.0,0.0
Ord Luke,ROM,0.0,0.0,1.0,0.0,0.0
Ordonez Gilber,ROM,0.0,0.0,0.0,0.0,2.0
Orduhan Koksal,ROM,0.0,0.0,1.0,0.0,0.0
Ordza Roberto,ROM,0.0,0.0,0.0,0.0,1.0
Orellana Angel,ROM,0.0,0.0,1.0,0.0,0.0
Orellana Priscilla,ROM,0.0,0.0,1.0,0.0,0.0
Orellano Alberto,COL,0.0,0.0,1.0,1.0,1.0
Orfani Nabil,COL,0.0,0.0,0.0,0.0,1.0
Orgulho Junior,COL,0.0,1.0,1.0,0.0,0.0
Orieze Jeff,COL,0.0,0.0,1.0,0.0,0.0
Orischak Vadim,COL,0.0,0.0,0.0,0.0,2.0
Oristanio Vitor,BRA,0.0,0.0,1.0,0.0,0.0
Oriza Sarah,BRA,0.0,0.0,1.0,0.0,2.0
Orkowski Michal,POL,0.0,0.0,2.0,0.0,0.0
Orlov Yevgeny,POL,0.0,0.0,1.0,0.0,0.0
Orlowski Wojciech,POL,0.0,1.0,1.0,0.0,1.0
Ormsby Shawna,POL,0.0,0.0,1.0,0.0,0.0
Oropeza Rigo,POL,0.0,2.0,2.0,1.0,0.0
Oropeza Sam,USA,0.0,6.0,0.0,5.0,2.0
Oroz Eban,USA,0.0,0.0,1.0,0.0,1.0
Orozco Saray,MEX,0.0,0.0,0.0,0.0,1.0
Orr Amberlynn,MEX,0.0,0.0,1.0,0.0,0.0
Orr Frankie,USA,0.0,0.0,0.0,0.0,1.0
Orr John,USA,0.0,2.0,1.0,0.0,1.0
Orr Reggie,USA,0.0,0.0,1.0,0.0,2.0
Orrand Nate,USA,0.0,0.0,0.0,1.0,0.0
Orrey Joe,USA,0.0,0.0,0.0,0.0,2.0
Orrison Cody,USA,0.0,0.0,0.0,0.0,0.0
Orriss Carl,USA,0.0,0.0,0.0,0.0,0.0
Orsini Yari,USA,0.0,0.0,1.0,0.0,0.0
Orsolic Dejan,USA,0.0,0.0,0.0,0.0,1.0
Orsoto Joel Dona,USA,0.0,0.0,1.0,0.0,0.0
Orta Jesse,USA,0.0,0.0,2.0,0.0,1.0
Ortega Adolfo,USA,0.0,0.0,0.0,0.0,1.0
Ortega Adrian,USA,0.0,0.0,1.0,0.0,0.0
Ortega Brian,USA,0.0,3.0,1.0,7.0,0.0
Ortega Carlos,USA,0.0,0.0,0.0,0.0,0.0
Ortega Christopher,USA,0.0,0.0,1.0,0.0,3.0
Ortega Fidel,USA,0.0,0.0,0.0,0.0,0.0
Ortega Houston,USA,0.0,0.0,2.0,0.0,0.0
Ortega James,USA,0.0,0.0,1.0,0.0,0.0
Ortega Jonathan,ARG,0.0,0.0,1.0,0.0,0.0
Ortega Jonathan,ARG,0.0,0.0,0.0,0.0,0.0
Ortega Julian,ARG,0.0,0.0,0.0,0.0,0.0
Ortega Mike,USA,0.0,0.0,1.0,0.0,1.0
Ortega Olga,USA,0.0,0.0,0.0,0.0,1.0
Ortega Orlando,USA,0.0,0.0,0.0,0.0,1.0
Ortega Tony,USA,0.0,0.0,0.0,0.0,0.0
Ortega Virgil,USA,0.0,0.0,1.0,0.0,0.0
Ortegon Alfredo,USA,0.0,0.0,0.0,0.0,1.0
Ortiz Alex,USA,0.0,1.0,0.0,0.0,0.0
Ortiz Bryan,USA,0.0,0.0,1.0,0.0,0.0
Ortiz Christian,USA,0.0,0.0,1.0,0.0,0.0
Ortiz Cody,USA,0.0,0.0,0.0,0.0,2.0
Ortiz Diego,USA,0.0,0.0,0.0,0.0,0.0
Ortiz Dustin,USA,0.0,9.0,0.0,3.0,1.0
Ortiz Glenn,USA,0.0,0.0,0.0,0.0,0.0
Ortiz Jacob,USA,0.0,5.0,3.0,5.0,2.0
Ortiz Jorge,USA,0.0,0.0,2.0,0.0,0.0
Ortiz Jorge,USA,0.0,0.0,0.0,0.0,0.0
Ortiz Kenny,USA,0.0,0.0,0.0,0.0,0.0
Ortiz Mark,USA,0.0,0.0,1.0,0.0,0.0
Ortiz Michael,USA,0.0,0.0,0.0,0.0,1.0
Ortiz Mike,USA,0.0,0.0,0.0,0.0,1.0
Ortiz Phil,USA,0.0,0.0,0.0,0.0,1.0
Ortiz Reyes,USA,0.0,0.0,0.0,0.0,0.0
Ortiz Tito,USA,0.0,9.0,5.0,6.0,2.0
Ortiz Victor,USA,0.0,0.0,1.0,0.0,0.0
Ortiz Vince,USA,0.0,0.0,0.0,1.0,3.0
Ortola John,USA,0.0,0.0,0.0,0.0,1.0
Ortolani John,USA,0.0,1.0,3.0,1.0,0.0
Oruche Rasheed,USA,0.0,0.0,0.0,0.0,1.0
Orui Sojiro,USA,3.0,0.0,1.0,0.0,0.0
Orun Emre,USA,0.0,0.0,1.0,0.0,1.0
Orzumiev Haron,RUS,0.0,0.0,0.0,0.0,1.0
Osama Diogo,RUS,0.0,0.0,1.0,0.0,0.0
Osato Hiroshi,JPN,0.0,0.0,0.0,0.0,0.0
Osawa Kenji,JPN,1.0,1.0,0.0,0.0,1.0
Osawa Nobumitsu,JPN,0.0,1.0,1.0,0.0,1.0
Osawa Shigeki,JPN,1.0,1.0,0.0,0.0,0.0
Osawa Yoshiyuki,JPN,0.0,0.0,0.0,0.0,0.0
Osborn Michael,USA,0.0,2.0,1.0,0.0,0.0
Osborne Andrew,USA,0.0,0.0,1.0,0.0,0.0
Osborne Simon,USA,0.0,0.0,1.0,0.0,0.0
Osborne William,USA,0.0,0.0,1.0,0.0,0.0
Osbourn Marcus,USA,0.0,0.0,0.0,0.0,1.0
Osbourne Andrew,USA,0.0,0.0,0.0,0.0,2.0
Osbourne Ode',JAM,0.0,4.0,1.0,4.0,2.0
Oschmann Hendrik,JAM,0.0,0.0,2.0,0.0,0.0
Oseguera Daniel,USA,0.0,0.0,1.0,0.0,0.0
Osei Nic,DEN,0.0,0.0,2.0,0.0,0.0
Oselukwue Amaechi,USA,0.0,0.0,1.0,1.0,0.0
Osenio April,PHI,0.0,0.0,1.0,1.0,1.0
Oser Kelley,PHI,0.0,0.0,0.0,0.0,0.0
Oses Nate,PHI,0.0,0.0,0.0,0.0,0.0
Osetrov Alexander,PHI,1.0,2.0,1.0,0.0,2.0
Osheim Jeremy,USA,0.0,3.0,0.0,2.0,1.0
Oshida Noriaki,USA,0.0,0.0,0.0,0.0,1.0
Oshima Shinya,JPN,1.0,0.0,0.0,0.0,0.0
Oshiro Hiroyuki,JPN,1.0,0.0,1.0,0.0,1.0
Oshiro Mark,JPN,0.0,2.0,0.0,0.0,2.0
Oshiro Moritaka,JPN,0.0,0.0,0.0,0.0,0.0
Oshyer Storm,JPN,0.0,0.0,0.0,0.0,0.0
Osiander Kurt,JPN,0.0,1.0,0.0,0.0,0.0
Osipczak Nick,ENG,0.0,2.0,0.0,3.0,0.0
Osipov Nikita,RUS,0.0,0.0,0.0,0.0,1.0
Osiris Anjel,RUS,0.0,0.0,0.0,0.0,2.0
Oskanov Ulugbek,RUS,0.0,0.0,0.0,0.0,1.0
Oskonbaev Myktybek,KGZ,0.0,0.0,0.0,0.0,0.0
Osmaev Khunkar-Pasha,RUS,0.0,0.0,0.0,0.0,0.0
Osman Ann,MAS,0.0,2.0,1.0,2.0,2.0
Osmancevic Aldin,MAS,0.0,0.0,1.0,0.0,0.0
Osmar Osmar,MAS,0.0,0.0,0.0,0.0,1.0
Osmar Hoffmann Daniel,BRA,0.0,0.0,0.0,0.0,1.0
Osokin Nikolay,BRA,0.0,0.0,1.0,0.0,0.0
Osorio Matzya,BRA,0.0,0.0,0.0,0.0,0.0
Ospanov Arman,KAZ,0.0,9.0,2.0,1.0,1.0
Ostasz Pawel,KAZ,0.0,0.0,1.0,0.0,0.0
Oster Blair,KAZ,0.0,0.0,0.0,0.0,1.0
Osterkamp Nathan,KAZ,0.0,0.0,0.0,0.0,1.0
Osterneck Nissen,USA,0.0,0.0,3.0,2.0,0.0
Osthoff Jerod,USA,0.0,0.0,1.0,0.0,0.0
Osthoff Jerrod,USA,0.0,0.0,0.0,0.0,0.0
Ostojic Domagoj,USA,0.0,0.0,1.0,0.0,0.0
Ostovich Rachael,USA,0.0,0.0,3.0,2.0,3.0
Ostovich Robby,USA,1.0,1.0,2.0,2.0,2.0
Ostowar Fash,WAL,0.0,0.0,1.0,0.0,0.0
Ostrander Ray,WAL,0.0,0.0,0.0,0.0,1.0
Ostrelic Alfonso,WAL,0.0,0.0,1.0,0.0,0.0
Ostrovskiy Vitaliy,WAL,0.0,0.0,1.0,0.0,1.0
Ostrowski Mateusz,POL,0.0,0.0,0.0,0.0,0.0
Ostyn Roscoe,POL,0.0,0.0,0.0,0.0,0.0
Osuna Axel,POL,0.0,0.0,0.0,0.0,0.0
Osuna Yonny,POL,0.0,0.0,0.0,0.0,0.0
Oswald Thomas,POL,0.0,1.0,0.0,0.0,0.0
Oswiecinski Tomasz,POL,0.0,1.0,1.0,0.0,0.0
Ota Hiroyuki,POL,2.0,0.0,1.0,0.0,0.0
Ota Junichi,POL,0.0,0.0,1.0,0.0,0.0
Ota Satoru,JPN,0.0,0.0,0.0,0.0,0.0
Ota Takumi,JPN,0.0,0.0,0.0,0.0,0.0
Ota Yohei,JPN,0.0,0.0,0.0,0.0,1.0
Ota Yoshinobu,JPN,0.0,0.0,0.0,0.0,1.0
Otani Robert,JPN,1.0,1.0,1.0,0.0,0.0
Otavio Pedro,JPN,0.0,0.0,0.0,0.0,2.0
Otavio dos Santos Lacerda Jose,JPN,0.0,0.0,0.0,0.0,1.0
Oteri Brett,USA,0.0,1.0,5.0,3.0,3.0
Otero Daniel,USA,0.0,0.0,0.0,1.0,0.0
Otero Manuel,USA,0.0,0.0,0.0,0.0,1.0
Otgon Bat,USA,0.0,0.0,1.0,0.0,0.0
Otgontulga Rentsen,MGL,0.0,0.0,0.0,0.0,0.0
Oti Nkemdirim,MGL,0.0,0.0,0.0,0.0,1.0
Otley Simeon,MGL,0.0,0.0,0.0,0.0,0.0
Otsuka Alexander,MGL,0.0,1.0,5.0,1.0,1.0
Otsuka Nozomi,MGL,1.0,1.0,0.0,0.0,0.0
Otsuka Seiji,MGL,0.0,0.0,0.0,0.0,0.0
Otsuka Takafumi,JPN,0.0,5.0,2.0,5.0,4.0
Ott John,JPN,0.0,0.0,0.0,0.0,0.0
Ott Matt,JPN,0.0,0.0,0.0,0.0,1.0
Ott Mel,JPN,0.0,0.0,0.0,0.0,2.0
Ott Shane,JPN,0.0,0.0,0.0,1.0,0.0
Ott Wilhelm,AUT,0.0,0.0,0.0,0.0,2.0
Ottaviano Martin,ARG,0.0,0.0,1.0,0.0,0.0
Otten Nick,ARG,0.0,0.0,0.0,0.0,1.0
Ottensammer Nico,ARG,0.0,0.0,1.0,0.0,0.0
Otto Allen,ARG,0.0,0.0,0.0,0.0,0.0
Otto Jerry,ARG,0.0,0.0,0.0,0.0,3.0
Ottoni Israel,ARG,0.0,0.0,0.0,0.0,1.0
Ottoni Quemel,ARG,0.0,0.0,0.0,1.0,0.0
Ottow Zak,USA,0.0,3.0,4.0,0.0,0.0
Otwell Mike,USA,0.0,0.0,1.0,0.0,1.0
Ou Santana,FRA,0.0,0.0,1.0,0.0,0.0
Oudina Sofiane,FRA,0.0,0.0,1.0,0.0,0.0
Ougikubo Hiromasa,JPN,0.0,2.0,2.0,6.0,2.0
Ougikubo Hiromasa,JPN,0.0,0.0,1.0,0.0,0.0
Ouimet Donald,JPN,0.0,0.0,1.0,0.0,0.0
Ouimette Shane,JPN,0.0,0.0,1.0,0.0,0.0
Ould Michelle,USA,0.0,2.0,2.0,2.0,2.0
Oumakhanov Artur,RUS,0.0,0.0,0.0,0.0,2.0
Ounsley Phil,RUS,0.0,0.0,0.0,0.0,1.0
Oushani Houssain,RUS,0.0,0.0,1.0,0.0,0.0
Ousmane Dia Serigne,RUS,0.0,2.0,1.0,0.0,0.0
Outlaw Sidney,USA,0.0,1.0,2.0,8.0,1.0
Ovakimyan David,USA,0.0,0.0,0.0,0.0,0.0
Ovakimyan Mamuka,GEO,0.0,0.0,0.0,0.0,1.0
Ovcharenko Lydia,GEO,0.0,0.0,0.0,0.0,1.0
Ovchynnikova Lena,UKR,0.0,1.0,2.0,8.0,2.0
Ovechkin Ilya,UKR,0.0,0.0,1.0,0.0,0.0
Overall Major,UKR,0.0,1.0,1.0,5.0,1.0
Overcast Lucas,UKR,0.0,0.0,0.0,1.0,0.0
Overduin Jan,UKR,0.0,0.0,0.0,0.0,0.0
Overeem Alistair,NED,0.0,0.0,0.0,0.0,0.0
Overeem Valentijn,NED,0.0,0.0,0.0,0.0,0.0
Overfield David,NED,0.0,0.0,2.0,0.0,0.0
Overton Justin,USA,0.0,0.0,0.0,0.0,4.0
Overton Pierce,USA,0.0,0.0,0.0,0.0,1.0
Ovsjannikov Michael,GER,0.0,0.0,0.0,0.0,0.0
Owaki Takahiro,GER,0.0,0.0,0.0,0.0,0.0
Owen Alex,GER,0.0,0.0,0.0,1.0,0.0
Owen Delaney,USA,0.0,0.0,0.0,4.0,0.0
Owen Hartwich,USA,0.0,0.0,1.0,0.0,0.0
Owen Jarrett,USA,0.0,0.0,0.0,1.0,0.0
Owen Megan,USA,0.0,0.0,1.0,0.0,0.0
Owens Chase,USA,0.0,0.0,0.0,0.0,1.0
Owens D'Juan,USA,0.0,4.0,3.0,6.0,3.0
Owens John,USA,0.0,0.0,0.0,0.0,1.0
Owens Jon,USA,0.0,2.0,0.0,0.0,0.0
Owens Kassidy,USA,0.0,0.0,1.0,0.0,0.0
Owens Steve,IRL,0.0,2.0,0.0,0.0,0.0
Owens Zach,IRL,0.0,1.0,0.0,0.0,0.0
Owings Erik,IRL,0.0,0.0,1.0,0.0,1.0
Owonyebe Lopez,FRA,0.0,0.0,4.0,0.0,0.0
Owsley Warren,FRA,0.0,0.0,0.0,0.0,1.0
Oxendine Josh,USA,0.0,0.0,0.0,0.0,1.0
Oxley Craig,USA,0.0,0.0,0.0,0.0,0.0
Oya Yuko,JPN,0.0,0.0,0.0,0.0,0.0
Oyama Shungo,JPN,0.0,1.0,7.0,2.0,2.0
Oyama Yuki,JPN,0.0,0.0,0.0,0.0,0.0
Oyapock Lucas,JPN,0.0,0.0,0.0,0.0,0.0
Oyarzabal Javier,ARG,0.0,1.0,0.0,0.0,0.0
Oybekov Radzhab,ARG,0.0,0.0,0.0,0.0,1.0
Oyler Jake,USA,0.0,0.0,0.0,0.0,0.0
Ozaki Hiroki,USA,0.0,0.0,0.0,0.0,0.0
Ozawa Misaki,USA,0.0,0.0,0.0,0.0,1.0
Ozgun Tolga,GER,0.0,0.0,1.0,0.0,0.0
Ozimec Kristian,GER,0.0,0.0,0.0,0.0,1.0
Ozkilic Alptekin,USA,0.0,2.0,2.0,1.0,0.0
Ozolins Arturs,USA,0.0,0.0,1.0,0.0,1.0
Ozuka Seiji,USA,2.0,0.0,2.0,0.0,0.0
Ozyurt Hatice,USA,0.0,0.0,2.0,0.0,2.0
